N,P,K,temperature,humidity,ph,rainfall,label
52.44,60.11,79.73,27.49,68.4,4.05,198.68,blackgram
133.1,71.28,71.58,36.14,24.76,3.86,148.6,jute
102.48,124.64,40.23,29.69,37.73,7.13,290.06,papaya
83.81,52.6,126.45,12.92,63.06,9.3,81.31,mungbean
21.84,126.75,100.32,16.5,48.57,6.52,184.6,blackgram
21.84,17.34,178.14,17.68,69.09,3.81,216.06,mothbeans
8.13,113.75,11.42,19.03,86.9,4.83,251.16,chickpea
121.26,123.66,133.77,29.79,19.32,4.97,133.95,jute
84.16,30.45,157.59,27.64,66.77,5.53,212.34,muskmelon
99.13,65.25,156.9,17.11,28.43,3.76,104.9,pigeonpeas
2.88,28.17,182.21,12.36,43.16,8.93,141.93,orange
135.79,103.92,150.81,16.0,12.63,6.59,270.78,wheat
116.54,79.95,190.56,44.45,20.87,7.53,285.97,pomegranate
29.73,93.95,71.53,26.4,35.58,3.9,221.27,kidneybeans
25.46,32.51,105.64,40.36,37.36,3.82,124.82,apple
25.68,34.64,7.82,39.71,81.97,7.02,249.62,kidneybeans
42.59,10.81,6.39,27.9,69.35,8.82,27.24,maize
73.47,50.09,53.03,34.73,87.77,6.67,48.77,papaya
60.47,83.36,25.16,16.75,57.93,8.77,205.18,mungbean
40.77,125.11,57.04,34.09,29.34,8.37,101.55,pomegranate
85.66,98.37,40.41,19.53,36.21,3.96,286.39,maize
19.53,65.96,10.7,39.12,35.59,4.71,142.1,maize
40.9,138.44,186.86,12.93,36.12,7.45,140.22,rice
51.29,105.69,6.64,37.06,63.84,6.16,209.86,mango
63.85,135.22,152.22,13.5,52.46,5.24,234.92,lentil
109.92,78.86,35.43,40.84,40.83,6.01,153.16,pigeonpeas
27.95,41.25,187.45,20.65,21.93,6.17,79.92,pomegranate
71.99,12.4,183.56,32.9,11.77,8.96,236.53,mungbean
82.94,106.65,135.78,27.06,27.51,4.12,109.7,papaya
6.5,21.98,139.45,22.82,18.6,5.18,69.03,pomegranate
85.06,47.39,6.07,32.59,72.84,6.73,196.86,pigeonpeas
23.87,79.55,201.97,43.16,19.0,7.69,45.33,banana
9.11,84.02,180.57,11.44,67.94,7.28,291.98,orange
132.84,89.08,184.02,42.16,40.85,9.15,197.07,maize
135.19,28.28,136.85,31.32,15.87,8.27,296.05,mango
113.18,58.16,73.96,38.26,75.02,6.84,114.89,chickpea
42.65,91.41,183.73,23.44,56.37,4.79,291.94,blackgram
13.67,140.77,63.3,26.51,28.86,6.21,60.76,muskmelon
95.79,106.87,117.54,40.41,81.57,7.66,31.39,banana
61.62,134.16,24.95,24.52,13.62,8.53,29.24,coconut
17.09,111.71,189.39,28.71,26.15,9.26,150.16,mothbeans
69.32,87.84,33.15,10.71,70.16,7.13,43.24,banana
4.81,31.88,49.98,15.55,66.75,6.66,163.41,mungbean
127.3,98.34,116.63,32.46,33.14,3.61,111.7,cotton
36.23,92.27,157.82,35.09,14.96,3.93,113.98,watermelon
92.75,89.35,128.87,30.39,78.65,4.44,197.97,wheat
43.64,73.57,51.43,15.02,35.1,3.83,65.67,pomegranate
72.81,79.01,5.19,25.59,25.66,5.91,234.63,cotton
76.54,51.82,156.43,22.43,51.28,5.52,182.97,kidneybeans
25.88,77.7,202.04,27.35,82.82,7.32,276.18,coffee
135.74,32.66,166.98,40.46,13.48,6.71,122.16,pigeonpeas
108.52,117.72,97.04,37.16,71.26,7.08,295.16,papaya
131.53,31.01,185.75,12.94,55.8,6.33,181.23,grapes
125.28,16.9,86.97,41.16,44.04,5.17,292.55,mothbeans
83.71,66.07,109.99,26.51,69.53,9.22,27.58,banana
129.06,97.16,100.43,36.04,87.27,4.02,223.83,apple
12.39,66.28,94.52,14.9,28.34,9.13,248.65,chickpea
27.44,43.75,160.04,33.48,21.49,5.37,34.89,coconut
6.33,83.14,110.35,18.27,83.03,6.58,182.11,jute
45.55,53.58,68.34,25.34,63.52,4.15,244.54,jute
54.41,135.6,56.63,10.59,45.04,3.93,177.09,lentil
37.99,134.17,12.55,15.31,55.86,6.08,37.87,rice
116.02,75.33,121.64,13.22,69.65,7.95,214.17,coffee
49.95,50.9,50.99,18.39,71.84,5.12,36.97,chickpea
39.33,108.2,34.63,13.5,83.59,6.87,248.89,mango
75.98,10.14,135.77,34.22,44.15,5.17,32.05,pigeonpeas
19.73,71.47,141.24,11.02,33.47,5.83,58.47,watermelon
112.31,52.09,155.43,31.62,61.17,8.94,97.03,grapes
10.44,133.88,105.72,14.92,43.26,8.64,197.34,maize
138.16,6.68,183.81,43.08,57.57,6.6,293.38,papaya
108.11,82.39,192.27,42.66,43.6,4.93,52.99,pigeonpeas
27.82,108.69,166.47,17.89,22.24,4.66,59.96,wheat
0.77,72.9,132.12,31.5,47.55,9.22,123.28,blackgram
114.16,16.96,65.74,10.98,65.27,4.72,254.14,mango
98.96,141.14,201.59,42.61,73.94,8.35,150.82,orange
102.06,77.52,59.83,28.3,49.47,5.71,110.05,banana
107.98,90.99,45.53,11.51,23.22,9.41,177.14,cotton
10.37,38.13,93.43,21.99,43.18,5.71,92.95,jute
50.19,72.69,16.37,12.69,72.9,5.61,132.32,chickpea
16.22,65.08,200.7,23.75,43.03,7.32,113.13,coffee
120.83,15.49,122.69,33.45,65.72,9.27,245.16,mothbeans
87.26,19.86,116.39,26.45,50.58,9.36,278.79,banana
46.33,122.25,136.16,23.43,29.3,7.74,232.68,coffee
8.9,38.57,104.4,14.17,73.69,8.03,142.94,pomegranate
43.54,32.29,11.41,18.57,16.74,6.88,161.21,mothbeans
45.53,75.69,127.46,13.51,51.99,8.03,55.02,lentil
102.14,112.62,148.23,38.26,26.71,8.66,229.12,blackgram
89.26,13.67,88.35,14.73,15.37,6.42,187.01,wheat
124.21,85.75,156.46,30.84,50.23,7.22,272.68,kidneybeans
66.11,21.69,50.4,22.0,49.96,6.72,76.17,lentil
16.74,10.1,49.26,17.91,66.55,6.87,232.72,grapes
99.85,12.38,37.28,32.38,69.58,8.84,211.71,muskmelon
106.51,121.78,79.4,26.0,68.22,5.63,94.44,wheat
78.58,21.52,174.4,24.01,42.76,4.75,206.87,papaya
107.94,11.32,170.58,30.75,60.54,6.24,278.82,coffee
69.13,66.31,81.56,27.19,56.16,4.75,277.16,blackgram
73.18,123.16,122.82,20.62,43.72,6.49,221.5,grapes
59.86,41.74,149.16,29.57,57.78,8.92,33.46,watermelon
3.56,64.04,53.24,33.43,85.78,7.2,264.23,papaya
15.1,10.59,38.63,10.93,25.43,8.63,204.18,mungbean
4.4,67.87,199.42,26.31,82.46,4.5,106.92,watermelon
89.1,85.87,128.51,12.02,14.28,8.91,72.43,mungbean
44.01,84.93,201.28,16.52,34.67,7.11,52.54,chickpea
71.2,51.54,72.55,29.62,33.05,3.69,34.07,pigeonpeas
127.06,49.17,145.61,40.32,60.11,7.3,231.15,pomegranate
34.9,19.93,49.52,40.9,20.5,9.21,86.04,banana
57.45,56.35,57.24,12.45,80.59,3.98,26.79,blackgram
105.78,18.93,107.38,24.67,76.28,6.99,131.24,orange
32.03,112.32,68.92,30.41,62.17,8.99,155.13,apple
10.78,140.28,38.52,15.15,46.67,3.56,67.38,cotton
40.57,140.81,57.58,36.79,84.64,7.29,32.33,maize
22.57,126.11,12.15,36.05,76.46,6.35,72.96,mango
130.16,89.11,145.88,41.62,49.95,5.58,210.15,pigeonpeas
113.14,103.12,103.42,10.3,66.15,7.27,43.03,grapes
88.68,44.93,23.85,17.58,55.35,3.82,175.41,rice
122.0,93.31,39.34,38.95,57.04,8.02,61.0,chickpea
112.51,68.79,25.51,33.47,36.48,3.53,74.79,jute
26.12,72.48,127.52,41.3,46.97,5.34,130.06,orange
124.96,111.09,23.84,12.0,16.25,6.52,48.23,pomegranate
75.51,44.47,155.86,30.89,38.59,5.76,68.5,pomegranate
113.04,49.53,9.1,29.92,65.67,5.34,117.71,mungbean
125.45,134.45,54.88,11.25,86.26,8.49,112.31,chickpea
44.52,12.87,183.13,27.97,87.05,9.11,229.8,wheat
15.41,72.99,148.71,31.33,54.46,8.74,40.94,rice
31.91,132.79,19.59,16.7,58.53,6.63,260.93,lentil
59.8,90.45,169.23,19.57,24.86,8.8,248.55,apple
114.52,81.5,103.61,32.41,65.62,9.03,234.48,mothbeans
120.5,39.96,174.36,26.39,15.65,5.96,106.62,mothbeans
0.97,53.06,125.15,40.03,32.77,5.2,250.41,mango
71.5,124.29,141.37,21.98,63.47,4.09,71.18,jute
58.44,83.29,203.7,19.33,34.82,6.37,54.83,rice
31.1,77.06,51.47,44.47,13.99,9.18,32.59,rice
16.78,18.94,129.79,41.89,76.55,6.87,283.01,mango
47.27,7.24,97.06,11.01,34.83,7.51,106.24,rice
132.01,139.92,12.89,36.98,15.05,4.18,276.93,pigeonpeas
45.25,57.78,7.89,13.86,15.98,4.36,96.33,coffee
72.63,89.45,28.85,10.96,30.14,6.29,274.12,lentil
98.42,16.16,134.82,19.58,24.24,9.21,273.1,cotton
50.91,100.64,118.43,19.43,71.94,5.66,278.63,rice
136.05,135.56,115.69,38.68,35.73,8.76,158.92,kidneybeans
134.74,85.59,11.37,34.87,74.38,4.22,262.46,jute
35.25,22.66,98.86,44.36,23.91,7.2,286.21,wheat
69.61,86.44,189.92,34.9,49.43,7.1,110.89,maize
42.12,112.29,84.52,24.64,65.04,8.66,137.28,coffee
39.88,61.9,129.98,34.46,62.16,3.52,221.39,maize
5.16,128.18,160.96,44.98,58.09,4.64,104.1,orange
85.34,95.82,161.79,34.85,83.99,4.82,231.07,coffee
70.38,130.89,108.86,36.66,28.28,9.2,40.69,mungbean
7.21,92.29,176.59,42.84,49.5,4.42,166.58,blackgram
39.01,23.38,83.28,13.98,80.72,3.72,54.25,wheat
127.16,48.36,182.74,34.67,16.23,6.71,102.13,wheat
33.54,33.25,53.05,39.78,14.47,6.67,92.42,muskmelon
20.29,132.24,61.04,43.4,28.66,8.56,254.9,mothbeans
68.52,111.46,15.62,17.38,60.64,9.19,74.18,chickpea
137.99,99.7,164.12,27.64,30.79,6.73,246.37,kidneybeans
33.89,47.14,88.41,33.82,25.22,9.08,242.31,rice
94.1,30.77,50.82,18.66,46.7,7.85,159.69,jute
106.63,110.9,51.36,31.02,59.09,5.09,85.48,lentil
33.27,71.38,185.28,19.02,29.88,9.07,83.53,mango
101.95,36.61,171.78,21.67,34.06,7.5,150.18,watermelon
51.49,91.33,115.71,25.45,59.08,5.98,22.47,rice
88.52,10.65,128.22,28.52,85.66,7.58,168.78,orange
88.69,50.66,99.87,25.73,63.98,5.91,286.78,coffee
75.01,70.6,83.33,27.26,72.63,4.19,63.32,grapes
12.64,25.71,188.1,20.45,39.34,7.81,180.54,orange
116.94,142.85,30.12,15.56,31.78,8.44,289.3,jute
44.91,34.27,88.69,11.66,46.34,7.87,260.95,banana
26.11,23.25,73.91,16.86,74.57,4.87,258.11,banana
5.71,33.49,104.63,30.37,46.5,9.24,250.12,kidneybeans
82.73,112.67,96.53,37.51,77.74,3.65,106.53,mothbeans
94.86,64.57,108.78,15.92,89.1,5.5,269.37,mango
2.32,84.16,32.98,13.8,15.76,5.06,283.58,blackgram
71.69,7.94,107.63,36.23,13.63,3.79,158.82,pigeonpeas
31.71,9.82,53.48,20.68,21.97,5.93,119.28,cotton
90.32,67.42,41.87,43.3,40.75,7.24,135.98,mothbeans
24.41,119.33,17.97,35.0,20.48,8.8,113.58,orange
96.73,128.93,157.53,21.44,79.65,9.44,79.48,watermelon
54.14,17.14,90.49,20.13,11.85,8.35,193.17,mungbean
131.14,80.37,130.33,28.33,35.26,6.31,177.53,coconut
19.25,132.85,150.52,12.77,24.78,7.84,149.52,muskmelon
47.75,59.32,140.86,14.12,84.52,8.56,46.84,apple
15.89,121.14,99.1,16.16,63.56,6.29,243.13,maize
129.46,23.72,82.58,37.12,82.96,8.21,68.98,mango
122.83,135.96,80.19,27.99,87.79,6.4,52.08,blackgram
36.11,110.2,133.01,10.37,49.77,5.82,194.46,coconut
92.4,136.79,103.96,33.57,28.75,6.66,131.62,watermelon
114.41,99.73,174.83,24.83,25.5,7.56,36.75,muskmelon
77.73,55.88,179.94,27.88,27.83,7.86,119.56,muskmelon
74.15,136.35,39.11,17.49,66.69,5.64,236.1,papaya
33.86,43.58,32.25,29.31,13.24,6.93,192.27,chickpea
13.03,51.5,131.08,44.27,14.11,8.96,121.58,papaya
125.61,103.11,65.25,12.57,58.65,9.36,73.71,papaya
126.06,112.14,8.71,19.94,61.36,4.86,196.9,wheat
88.63,135.12,182.73,18.5,63.22,4.66,268.52,pigeonpeas
47.46,33.67,50.38,18.7,39.75,7.56,200.96,mango
48.89,116.72,190.86,23.25,74.48,5.99,247.61,watermelon
101.63,108.4,148.49,38.63,52.69,3.65,166.03,lentil
125.6,13.93,157.53,41.95,18.44,5.58,221.03,jute
124.19,59.21,45.29,17.08,73.77,8.34,270.94,lentil
109.18,44.59,51.84,29.0,86.25,8.28,236.49,chickpea
89.88,47.63,109.25,32.29,14.8,6.47,274.76,grapes
11.78,142.61,39.42,28.26,41.31,6.34,140.72,mungbean
22.63,94.99,66.09,25.19,49.0,6.98,273.18,pigeonpeas
125.8,105.47,69.29,16.72,21.72,4.82,194.04,banana
84.9,141.73,36.93,27.09,79.42,6.66,263.61,mungbean
1.29,57.81,46.04,24.04,32.73,3.57,31.03,pigeonpeas
14.21,117.26,162.71,37.84,72.64,6.35,204.2,watermelon
92.89,65.83,38.44,36.73,63.68,5.52,257.43,papaya
0.71,126.73,10.69,14.69,57.84,7.55,68.78,grapes
22.51,30.29,130.87,13.1,25.37,7.33,205.3,maize
76.82,137.68,200.2,41.79,27.66,5.79,250.99,orange
96.87,35.63,71.24,28.74,13.79,3.54,100.63,lentil
91.27,50.67,28.73,40.02,29.26,5.01,133.47,grapes
31.4,110.87,119.08,12.04,37.64,7.3,179.46,grapes
99.71,60.13,186.27,28.43,76.65,3.93,165.37,jute
33.21,90.15,161.81,28.88,39.31,4.15,30.97,mothbeans
45.56,67.24,129.5,40.12,70.37,7.38,47.63,mothbeans
104.51,108.93,68.01,13.42,45.16,8.03,48.13,cotton
90.95,36.97,113.38,18.42,72.79,5.43,93.44,jute
118.89,13.18,23.25,24.23,88.1,6.44,88.84,coffee
92.07,46.99,140.79,40.3,29.19,9.17,227.82,pomegranate
79.56,71.4,150.02,42.86,78.99,9.17,180.37,orange
13.11,28.52,198.01,44.75,59.75,5.35,233.91,lentil
51.48,54.67,57.08,43.57,75.38,8.36,39.57,watermelon
37.13,61.0,8.69,10.21,62.13,7.06,155.86,banana
34.16,13.03,114.12,11.67,43.92,9.35,110.66,coffee
136.22,86.66,146.36,15.17,28.25,6.37,257.98,apple
55.03,128.81,163.08,22.21,15.6,8.15,218.18,jute
124.89,26.24,43.75,39.05,52.84,8.11,263.39,apple
88.36,88.69,57.35,41.24,89.23,6.48,33.0,rice
111.27,98.06,107.52,16.54,69.04,8.27,221.83,pigeonpeas
70.37,63.71,71.12,31.69,36.19,5.07,171.2,cotton
80.77,103.15,177.1,42.11,76.18,4.23,251.0,watermelon
68.95,62.5,99.75,26.23,71.52,6.05,162.0,papaya
27.33,75.65,164.92,13.62,32.53,9.16,171.26,grapes
101.14,6.03,121.12,26.02,11.14,6.5,34.49,lentil
39.31,101.84,159.62,23.15,19.45,7.31,207.19,lentil
3.4,97.59,71.53,30.22,80.18,7.24,96.48,coffee
90.37,10.38,171.28,25.35,76.93,4.3,25.51,mothbeans
24.8,56.56,59.91,10.61,33.62,5.84,38.6,mothbeans
131.66,142.06,114.22,44.79,32.82,7.74,288.04,grapes
133.55,63.9,47.8,29.02,73.43,9.33,116.9,watermelon
128.08,75.27,100.11,26.58,85.02,4.51,263.06,jute
51.82,132.39,68.64,43.41,72.33,5.96,288.71,coconut
2.16,105.42,58.34,15.46,58.45,4.07,284.11,blackgram
129.96,86.49,198.4,16.62,29.41,4.95,266.88,watermelon
59.95,116.69,37.01,38.28,52.06,5.76,270.56,blackgram
135.33,126.01,162.47,19.13,28.68,6.74,100.92,coffee
134.91,68.96,201.83,37.97,74.64,4.88,62.41,mothbeans
119.42,71.52,8.98,19.5,40.96,4.87,198.99,pomegranate
41.22,59.05,144.81,11.16,76.7,8.17,156.67,kidneybeans
53.91,140.34,55.58,28.1,40.53,9.28,47.65,blackgram
119.16,102.6,13.1,16.88,75.93,5.44,209.71,pigeonpeas
44.37,16.65,85.58,36.52,36.67,7.63,177.6,mothbeans
23.73,125.81,192.04,32.44,45.21,5.05,261.66,coffee
77.95,72.28,7.35,42.33,59.24,9.07,190.57,coffee
131.06,14.63,122.58,37.4,15.62,7.54,180.7,grapes
97.44,81.96,105.28,16.33,85.86,8.32,143.41,papaya
79.81,63.4,179.68,38.01,55.89,3.8,149.58,jute
13.6,127.88,21.8,32.46,50.63,7.09,287.23,jute
86.1,33.56,141.31,33.41,77.15,6.67,58.76,pomegranate
138.61,120.71,141.02,39.13,79.26,5.26,144.94,mothbeans
19.61,83.08,138.82,30.08,51.78,5.07,203.63,pigeonpeas
72.57,12.65,193.47,26.31,84.18,6.98,141.24,chickpea
122.83,141.06,169.62,32.28,15.18,7.74,99.3,grapes
103.71,76.77,13.39,20.43,19.06,3.7,100.46,jute
97.58,45.72,99.22,16.39,57.74,6.9,85.42,maize
98.35,70.72,84.59,31.58,38.33,4.52,116.29,apple
50.33,125.1,67.03,18.18,47.14,4.34,264.07,watermelon
41.1,47.69,95.27,12.8,36.25,7.24,161.46,rice
113.31,31.97,81.84,10.02,42.38,5.37,87.27,cotton
113.42,23.07,91.47,31.29,75.81,6.15,127.67,pomegranate
121.39,46.7,200.85,22.68,57.48,5.66,49.63,mango
127.85,114.21,22.73,36.33,89.79,7.39,273.13,maize
71.59,71.03,189.45,23.13,72.95,6.32,134.3,mango
70.21,36.85,101.05,27.01,31.89,9.28,294.51,orange
111.76,28.27,129.75,24.25,31.15,5.61,117.31,blackgram
90.99,51.58,171.04,32.77,36.87,7.94,254.18,wheat
98.28,136.59,77.09,22.46,77.46,5.04,91.79,mungbean
111.41,53.02,91.08,43.73,12.18,6.55,41.32,wheat
124.6,143.34,86.9,42.77,28.41,6.82,28.89,coffee
47.32,72.93,79.95,39.68,82.39,5.47,189.73,rice
52.58,30.08,190.11,42.21,61.19,6.33,107.24,maize
13.16,129.76,170.79,25.72,28.15,5.18,144.19,apple
80.96,69.45,26.8,28.78,27.53,3.54,249.22,mothbeans
5.03,104.35,26.62,35.97,79.01,4.79,89.47,lentil
65.18,142.72,90.57,34.37,81.5,7.7,106.42,papaya
75.97,12.02,24.73,41.17,30.49,8.13,256.69,blackgram
40.12,18.54,128.82,35.07,43.64,5.18,157.97,orange
82.72,105.86,33.74,44.93,76.77,5.95,251.75,watermelon
4.27,44.46,109.47,22.2,71.68,3.72,124.85,apple
5.23,30.8,6.44,39.15,75.11,4.92,131.54,jute
115.16,10.51,68.32,34.42,51.47,8.18,66.8,apple
50.43,8.06,140.44,34.2,82.92,7.14,276.58,papaya
17.79,113.43,101.81,21.4,36.08,4.73,271.1,blackgram
73.11,23.82,200.65,37.5,22.53,5.04,295.58,pigeonpeas
107.8,70.48,179.82,41.51,66.7,8.4,132.69,papaya
30.21,89.83,76.81,17.65,53.15,4.75,249.21,mungbean
87.2,64.97,14.1,31.89,78.37,5.5,136.19,pigeonpeas
11.95,8.79,174.13,23.72,16.49,7.49,147.2,apple
7.24,114.69,187.25,44.63,77.5,6.87,252.4,pigeonpeas
74.39,6.47,169.13,26.76,33.46,6.27,69.66,mango
75.69,111.66,30.59,17.99,62.39,8.9,81.69,cotton
89.24,130.06,204.58,23.37,13.21,4.82,108.12,wheat
101.65,65.6,56.72,32.88,58.77,7.95,240.69,banana
136.62,79.98,149.84,12.66,67.38,4.45,124.34,mothbeans
72.28,71.78,186.61,31.13,39.5,7.19,120.29,pigeonpeas
45.21,59.49,52.14,42.59,27.23,8.72,299.67,apple
111.33,129.24,186.65,39.76,53.01,6.25,127.47,mungbean
37.92,130.15,66.9,12.37,76.66,7.85,89.38,pigeonpeas
61.46,52.01,200.28,44.77,35.88,8.42,194.5,papaya
10.98,91.11,61.25,34.46,30.2,4.32,244.53,cotton
3.55,134.77,195.69,15.68,32.31,7.73,39.49,coffee
134.77,139.69,15.71,10.43,85.93,9.02,193.29,blackgram
117.04,76.25,146.85,15.99,38.74,6.96,30.01,coconut
97.44,68.4,111.42,39.34,10.29,4.62,167.37,muskmelon
57.25,44.02,100.58,10.76,72.53,4.26,91.96,orange
24.26,139.24,49.7,18.16,65.94,5.06,105.86,papaya
21.9,24.99,146.12,36.51,20.29,4.12,150.79,mothbeans
35.03,86.18,43.16,30.51,88.79,6.58,279.59,mungbean
76.89,44.56,115.57,37.4,58.64,3.92,218.99,cotton
100.04,44.06,55.65,36.12,50.06,4.84,282.32,papaya
92.43,61.7,196.12,11.77,40.58,6.14,204.79,rice
39.19,144.83,10.73,41.24,81.89,6.34,21.99,mango
133.68,12.7,44.95,17.95,29.52,6.89,94.36,rice
103.31,86.0,53.46,29.37,32.86,7.73,273.62,pomegranate
77.61,16.56,87.81,32.55,19.79,3.78,200.16,wheat
85.64,26.63,51.55,15.9,70.73,3.98,294.86,cotton
58.74,66.54,103.27,44.17,57.64,3.87,63.67,maize
34.68,76.46,179.49,27.09,58.73,6.04,103.09,mango
49.84,41.23,147.41,12.02,27.48,3.75,121.46,mothbeans
106.1,49.3,120.99,42.8,62.09,7.98,111.44,wheat
2.02,17.18,22.8,30.52,71.24,4.84,90.56,wheat
16.25,47.45,143.8,34.47,38.63,9.14,144.17,maize
6.44,140.32,38.28,28.38,74.11,6.42,199.84,mango
5.7,137.26,162.27,39.22,37.9,6.18,107.15,banana
119.76,51.88,55.01,11.16,70.65,8.18,42.32,rice
98.51,84.92,88.41,19.39,12.7,7.78,218.39,orange
66.38,132.34,75.09,26.44,54.09,7.14,148.52,kidneybeans
13.7,5.87,176.76,12.68,87.56,9.11,175.82,papaya
68.83,118.5,30.31,34.71,88.5,6.03,147.51,lentil
66.29,137.77,118.13,23.78,32.54,8.35,269.3,pigeonpeas
24.25,17.79,33.41,19.54,45.31,5.78,176.45,orange
60.74,27.6,145.96,10.12,15.04,8.53,278.52,watermelon
55.79,139.5,186.02,35.19,79.87,5.06,162.96,grapes
86.22,80.26,91.92,39.18,55.49,5.24,101.92,muskmelon
88.91,6.99,102.62,23.83,40.81,7.57,119.52,chickpea
6.34,41.07,190.48,29.75,19.02,4.78,166.2,papaya
52.45,67.99,109.2,17.97,85.74,4.87,168.4,cotton
87.62,102.01,102.52,31.78,52.42,5.33,212.45,mungbean
70.44,107.64,120.67,10.42,32.63,7.57,82.86,rice
119.91,144.36,142.85,27.1,38.02,8.84,204.48,coconut
92.22,45.25,26.38,32.55,31.66,7.55,238.0,jute
22.81,80.35,169.22,42.14,58.14,8.47,209.45,jute
9.88,79.67,92.1,23.35,84.4,6.76,154.91,mango
89.94,61.79,19.47,36.78,78.54,3.91,297.67,blackgram
3.71,28.68,162.24,30.92,46.83,4.1,133.35,rice
82.01,141.84,80.39,42.45,76.12,6.83,49.85,watermelon
131.63,124.46,25.07,23.94,43.85,5.47,250.02,watermelon
80.57,74.77,131.76,21.17,30.18,4.82,79.42,grapes
54.34,89.45,181.03,41.05,88.67,6.3,219.72,kidneybeans
90.06,36.82,182.55,11.72,34.31,7.5,70.11,apple
64.16,81.13,196.53,14.77,35.9,5.81,24.73,pigeonpeas
76.39,102.3,178.54,12.88,89.18,8.32,64.74,blackgram
131.81,77.12,5.43,39.51,20.71,7.93,125.56,coconut
54.05,143.64,81.05,10.37,70.84,7.91,49.85,papaya
134.57,90.59,168.71,40.16,84.87,9.41,75.35,coffee
126.75,56.94,78.25,25.79,50.94,5.27,234.1,cotton
27.41,113.1,125.31,10.14,10.2,7.37,235.57,apple
9.71,28.86,126.26,24.06,40.0,8.63,248.9,mothbeans
14.11,58.83,78.01,16.54,18.93,6.98,255.52,mungbean
2.55,53.57,185.89,31.85,43.3,8.24,137.72,watermelon
13.22,65.45,105.65,33.78,73.2,5.99,262.91,pigeonpeas
95.62,114.45,97.96,27.06,45.1,7.04,167.26,rice
9.97,72.78,204.5,11.42,44.55,3.83,151.77,blackgram
44.66,116.16,103.7,32.96,54.54,9.41,221.19,mothbeans
118.28,85.71,40.68,39.47,56.54,8.3,79.87,jute
3.26,52.89,107.61,35.21,78.5,8.71,241.06,coconut
114.03,118.4,167.8,39.05,34.67,7.67,140.25,papaya
39.46,38.36,160.37,17.02,75.73,4.62,55.64,chickpea
16.54,36.41,162.72,41.11,55.27,3.69,53.41,rice
97.54,75.63,146.6,21.28,34.04,8.69,66.17,blackgram
88.05,41.52,55.84,10.47,33.61,5.88,269.36,wheat
122.85,6.27,177.42,39.52,38.89,5.08,297.46,muskmelon
102.91,95.76,183.69,42.96,59.82,6.87,119.95,wheat
112.49,76.55,43.83,32.94,28.46,6.03,101.8,maize
39.48,67.37,31.09,18.1,83.63,7.41,81.26,grapes
24.84,140.38,200.12,18.81,55.99,6.4,250.67,mango
105.09,84.97,178.66,26.33,83.6,7.68,78.58,apple
112.96,125.88,183.65,41.42,13.71,8.62,278.75,lentil
138.67,24.52,182.28,15.24,37.41,4.67,206.86,maize
57.77,84.69,113.34,38.91,11.82,5.48,271.2,chickpea
52.08,126.52,134.28,20.2,31.78,6.12,175.12,kidneybeans
108.7,86.63,114.07,38.3,78.96,9.27,213.39,pomegranate
47.71,105.52,15.24,42.21,12.93,5.69,193.45,pigeonpeas
130.31,57.09,154.1,24.96,44.89,5.79,252.73,rice
120.18,17.94,106.07,22.78,19.41,7.42,254.04,papaya
60.06,69.11,134.54,38.08,43.35,6.02,185.14,mothbeans
105.12,60.23,105.53,28.53,77.11,9.21,197.1,coffee
105.64,126.39,103.36,33.96,59.85,8.87,278.13,lentil
14.44,39.16,39.36,31.8,68.94,6.58,280.36,banana
126.36,140.34,60.74,15.35,37.93,7.37,205.99,banana
70.74,139.14,36.77,39.57,85.55,3.85,22.17,rice
115.7,39.67,44.13,16.85,66.74,7.67,49.24,blackgram
44.81,53.73,199.6,42.63,43.74,7.74,260.22,apple
125.37,130.38,35.62,18.77,44.12,5.66,43.72,coffee
54.49,140.33,58.85,35.69,83.49,4.82,79.79,banana
1.52,67.08,123.12,19.96,56.11,8.99,84.55,wheat
126.75,49.94,127.04,21.12,66.51,6.06,188.07,blackgram
12.78,78.65,35.79,20.85,43.36,7.42,181.46,banana
44.7,101.29,163.74,36.18,27.9,3.7,101.04,chickpea
133.01,43.29,162.04,29.49,67.88,5.98,78.13,jute
133.09,108.11,52.46,40.9,58.63,8.4,234.07,banana
80.28,12.23,62.73,20.76,50.11,5.83,281.93,orange
88.46,11.9,192.6,34.22,59.92,7.12,34.79,maize
62.78,59.08,170.13,36.35,26.66,4.76,57.29,jute
41.05,54.49,144.56,15.3,73.52,6.0,199.81,rice
46.01,49.19,21.45,24.02,85.85,9.07,245.24,coffee
94.15,73.74,88.65,26.9,81.29,6.9,241.53,orange
105.33,49.9,116.86,22.45,35.71,8.91,221.51,cotton
110.82,31.92,42.48,21.27,42.48,8.91,268.48,coffee
110.55,48.33,94.65,34.02,74.67,9.16,80.86,mungbean
12.77,141.49,125.21,17.56,57.61,8.87,50.04,papaya
69.22,62.56,70.48,34.83,53.83,3.52,192.3,jute
8.06,67.26,161.19,42.73,84.13,9.1,250.24,chickpea
76.93,85.72,173.09,29.78,52.88,4.32,182.97,coffee
61.81,142.67,69.72,31.4,51.2,3.74,289.64,muskmelon
124.28,38.82,172.73,12.41,13.36,3.83,242.76,apple
49.13,100.38,25.72,40.26,15.55,5.59,216.22,coffee
16.39,105.24,172.55,19.99,10.59,7.22,36.87,blackgram
20.02,90.03,35.55,31.53,83.06,5.91,50.17,mungbean
106.61,17.4,21.59,44.27,42.67,3.65,239.75,coconut
86.55,99.76,133.36,30.84,47.48,6.36,75.51,papaya
14.16,13.97,99.39,35.36,77.63,6.15,28.07,mothbeans
11.77,88.46,186.58,25.59,58.74,8.04,275.01,banana
98.14,108.54,77.64,12.11,58.76,5.18,269.43,rice
10.19,34.54,62.43,37.92,33.72,4.81,81.18,apple
115.06,122.83,105.15,11.22,76.71,5.04,238.46,coffee
98.87,9.25,96.19,34.52,23.27,5.32,33.43,pigeonpeas
11.39,123.13,73.89,10.8,14.25,7.09,99.82,jute
11.88,69.45,143.75,40.18,25.33,6.33,194.63,kidneybeans
138.13,35.46,156.91,15.52,31.42,5.52,233.69,coconut
52.4,23.73,175.6,28.0,32.58,5.75,22.91,mothbeans
51.89,138.46,199.57,30.9,63.64,5.73,111.34,jute
113.79,15.17,58.33,26.01,27.43,9.33,80.02,jute
132.61,32.87,148.22,21.93,64.13,4.9,299.66,banana
138.04,53.7,83.85,26.37,17.29,8.41,207.88,kidneybeans
105.47,91.83,140.42,20.9,21.78,7.75,133.59,wheat
52.68,81.27,100.2,25.33,50.71,3.53,41.18,chickpea
11.69,22.59,203.75,22.56,83.75,9.46,187.63,apple
108.8,45.56,150.78,29.82,78.77,8.04,199.68,mungbean
78.18,38.43,195.5,18.33,87.5,7.59,248.59,coconut
59.39,34.9,171.99,44.6,62.04,5.93,100.8,kidneybeans
126.89,62.56,185.58,27.53,64.07,6.83,294.8,apple
15.57,103.56,167.88,16.8,60.0,5.02,143.05,coconut
68.97,35.44,96.83,26.7,59.83,3.71,102.86,chickpea
1.59,56.34,55.36,40.32,21.77,8.52,117.57,cotton
65.61,59.73,79.06,10.76,53.5,8.88,165.48,orange
7.88,141.7,9.05,33.78,40.89,4.47,282.28,orange
16.63,138.65,109.8,29.18,45.4,8.22,225.84,orange
16.45,117.02,106.01,15.93,51.89,7.95,181.59,muskmelon
90.89,38.83,110.05,38.61,20.27,4.57,65.59,pomegranate
104.45,14.53,199.81,22.91,38.76,6.03,61.82,mungbean
81.67,49.37,187.29,20.28,15.08,6.04,160.62,banana
134.7,42.35,37.34,38.98,88.37,8.06,224.04,orange
52.48,75.83,78.78,32.35,19.48,8.53,230.28,jute
40.0,113.88,89.79,41.44,30.68,4.07,83.26,orange
121.6,125.17,77.11,32.05,81.3,6.88,48.03,mungbean
31.3,123.28,164.7,35.93,48.62,8.07,127.65,muskmelon
134.85,55.35,109.81,39.28,20.85,8.22,277.09,apple
1.7,101.21,119.42,11.92,40.74,4.39,172.7,wheat
135.78,48.8,175.6,37.16,19.27,6.65,109.63,cotton
6.04,13.53,166.19,31.48,26.02,8.65,110.62,jute
124.76,103.22,31.44,12.43,14.16,5.41,56.98,watermelon
73.88,6.38,147.78,27.8,45.06,6.05,152.5,jute
139.02,62.29,92.09,12.89,74.53,8.33,241.58,mothbeans
10.33,51.11,63.93,35.76,56.88,4.04,291.2,rice
77.54,102.07,15.0,29.13,58.51,8.66,160.45,wheat
135.7,112.27,102.45,43.38,26.05,5.37,66.82,chickpea
73.23,47.57,76.09,16.41,37.51,3.51,211.23,muskmelon
88.12,118.63,55.3,31.21,77.62,4.9,231.9,banana
97.4,46.15,143.93,17.41,17.03,4.04,40.08,apple
63.64,67.49,158.9,31.49,78.63,4.05,258.04,chickpea
87.86,106.78,53.96,35.29,48.7,7.66,252.21,muskmelon
81.8,102.01,14.89,35.28,76.97,4.78,152.31,mothbeans
126.16,143.23,174.75,38.53,35.44,9.11,176.92,coffee
6.36,36.52,6.99,39.87,37.11,6.6,219.75,mungbean
39.33,97.72,192.42,12.7,70.13,6.26,209.49,blackgram
133.06,90.36,130.52,22.01,72.8,6.11,24.63,grapes
124.64,133.11,69.37,34.05,28.37,7.66,54.28,coffee
63.79,26.89,54.3,27.45,87.83,6.21,65.53,blackgram
86.82,110.25,6.8,16.67,16.76,4.27,231.59,watermelon
38.83,84.56,52.09,29.34,15.48,8.78,143.22,cotton
26.34,43.45,32.55,24.26,57.64,6.07,172.74,chickpea
64.92,71.42,127.43,23.65,67.82,3.94,236.35,maize
49.47,51.73,38.31,38.34,86.87,6.68,115.48,jute
81.71,86.1,110.73,24.27,42.4,7.38,229.69,lentil
10.88,129.46,123.02,10.93,12.02,5.15,143.84,chickpea
136.42,84.7,64.61,12.03,58.23,8.3,125.61,orange
138.07,93.44,12.01,39.97,33.18,7.52,113.25,pomegranate
97.74,77.62,12.45,43.62,44.64,7.4,290.18,papaya
75.05,12.16,10.27,34.09,49.08,6.02,236.15,papaya
43.33,37.6,152.82,22.75,15.16,9.27,25.65,orange
113.93,73.88,68.6,42.85,48.88,5.15,288.08,mango
95.86,48.43,164.26,33.2,44.11,6.97,237.12,chickpea
22.77,30.45,91.35,39.55,67.0,5.35,61.77,maize
127.53,75.58,95.6,36.8,61.65,7.97,41.37,muskmelon
115.16,50.19,107.58,23.27,24.82,3.79,106.29,grapes
132.97,41.14,147.61,26.75,26.49,3.78,194.77,lentil
101.6,69.96,59.7,16.51,30.08,8.37,192.63,pigeonpeas
85.88,23.66,29.32,20.22,24.32,6.11,97.24,mungbean
58.55,134.88,116.21,37.23,62.58,5.55,144.79,muskmelon
130.58,126.48,70.4,41.29,89.55,7.15,79.33,lentil
121.25,104.07,93.5,35.36,62.17,7.71,34.16,jute
6.33,19.87,134.39,26.28,58.53,4.71,164.75,cotton
3.69,113.62,103.83,13.03,42.79,4.61,117.16,mothbeans
52.7,118.11,129.06,11.99,35.01,9.25,172.01,papaya
113.48,112.49,113.84,23.1,82.89,7.04,285.02,orange
138.22,20.96,152.96,26.23,87.52,5.84,60.14,mango
21.06,95.15,146.19,31.32,49.74,8.31,20.55,mungbean
83.18,121.81,111.84,10.23,33.22,6.65,41.53,grapes
53.32,85.83,140.78,44.64,71.61,4.95,149.56,blackgram
135.79,95.5,179.71,22.74,20.6,4.74,217.94,banana
117.9,69.17,91.45,39.68,71.25,5.88,182.61,pigeonpeas
117.37,79.02,87.55,28.72,75.52,8.66,158.57,coconut
65.62,9.81,157.85,14.57,19.99,3.87,119.11,jute
58.07,94.45,121.51,37.91,88.15,4.81,106.79,coffee
38.28,16.4,19.2,34.84,88.84,8.86,125.36,banana
7.89,65.9,183.42,28.46,84.94,4.23,191.26,papaya
121.06,45.97,11.16,28.01,49.68,7.28,66.97,banana
113.81,81.36,154.68,13.06,29.69,4.78,235.98,jute
139.96,23.68,156.76,32.95,56.56,7.14,181.07,jute
139.53,101.83,195.62,41.89,43.59,5.8,95.36,mothbeans
77.76,116.3,15.83,13.26,26.48,4.11,160.32,watermelon
107.66,27.87,124.37,19.22,43.89,6.99,289.58,muskmelon
132.27,19.6,90.57,41.58,63.11,7.6,25.74,chickpea
118.95,25.37,71.13,19.95,15.67,7.58,75.87,pigeonpeas
34.63,127.8,23.06,32.89,36.67,7.32,145.55,muskmelon
63.08,78.95,117.53,28.72,11.42,6.5,198.76,watermelon
18.08,70.42,100.81,30.87,69.96,6.62,79.42,wheat
133.57,19.94,25.91,24.55,61.26,7.31,280.79,maize
84.86,95.94,127.5,20.5,15.01,7.64,199.92,watermelon
32.01,126.52,152.59,11.7,87.18,7.43,265.68,mungbean
94.04,120.95,158.46,36.05,11.81,7.02,112.21,banana
86.54,92.65,186.07,36.11,57.2,4.44,252.11,jute
50.14,15.54,86.89,33.48,72.11,4.76,125.9,wheat
15.9,20.74,195.61,32.53,73.03,5.06,90.77,watermelon
94.02,11.9,178.09,18.53,12.74,9.02,275.26,mungbean
72.84,41.05,64.3,10.78,82.51,8.06,45.82,jute
108.12,23.99,36.86,38.31,83.48,6.82,284.01,pomegranate
72.82,41.41,92.08,27.19,54.91,5.01,148.38,apple
119.31,58.91,85.38,20.74,48.57,4.17,297.94,jute
77.27,137.02,120.14,13.57,13.59,8.89,171.09,cotton
78.53,90.45,121.68,12.2,54.96,8.86,232.1,jute
122.73,121.9,155.0,22.21,42.75,4.16,21.98,rice
56.49,104.45,106.98,38.17,71.82,8.28,159.07,coconut
18.76,20.75,25.96,42.16,42.31,6.18,226.49,coffee
4.03,108.03,176.66,41.39,64.69,5.44,239.19,watermelon
105.72,43.51,66.95,42.2,18.11,7.93,64.25,cotton
86.84,94.48,199.26,41.77,20.64,7.19,137.31,jute
98.57,52.73,28.57,28.45,21.18,8.18,137.34,wheat
29.81,144.67,196.65,17.68,13.64,3.95,49.02,lentil
19.09,41.9,23.2,37.93,53.31,5.41,144.05,coconut
2.04,44.08,51.21,17.48,73.52,5.42,245.99,pigeonpeas
49.08,135.29,14.32,19.35,58.83,5.48,104.05,maize
82.59,8.45,146.02,18.16,56.0,6.51,141.12,mango
54.91,102.54,175.06,28.02,64.45,5.2,289.07,watermelon
61.25,106.55,91.81,21.26,37.17,6.17,28.88,pigeonpeas
126.58,122.09,190.7,15.4,38.96,5.71,185.63,blackgram
48.76,141.42,123.06,25.86,35.14,7.91,228.16,lentil
71.96,141.58,131.0,40.59,66.97,7.12,233.05,blackgram
109.71,14.14,174.08,29.97,22.93,7.42,220.46,orange
55.52,120.06,64.36,40.74,11.04,4.76,223.41,blackgram
87.09,95.48,75.85,16.86,57.7,5.45,36.52,orange
120.73,95.63,186.19,15.84,85.39,3.63,169.56,blackgram
132.93,22.97,185.19,30.15,58.75,4.15,239.23,kidneybeans
20.59,96.03,200.3,26.22,72.63,5.09,46.34,mango
129.72,142.55,185.37,33.11,63.82,3.89,23.37,banana
68.9,132.65,30.47,37.81,49.79,7.12,248.08,blackgram
36.15,66.48,169.74,36.3,67.47,9.49,219.44,papaya
64.28,10.59,86.97,42.98,75.93,4.1,135.42,coconut
137.2,55.72,203.16,23.94,27.98,8.43,283.31,rice
68.97,120.69,99.46,17.22,36.89,4.21,234.65,pomegranate
46.03,103.21,115.77,29.28,27.9,7.52,291.0,kidneybeans
88.68,69.31,110.95,13.88,46.17,7.36,280.21,mothbeans
33.62,12.71,69.35,20.11,80.81,8.92,154.76,mango
10.62,64.77,20.0,17.28,37.62,4.18,231.32,coffee
18.04,70.66,184.13,23.88,39.96,5.39,207.37,pigeonpeas
17.93,135.0,165.54,13.89,78.83,4.04,247.2,mango
21.27,94.75,32.91,11.11,51.23,5.94,240.55,pigeonpeas
19.44,48.63,160.35,32.99,52.84,8.97,62.9,watermelon
89.72,78.54,130.17,31.36,78.86,8.19,85.45,mungbean
25.46,14.25,86.83,34.79,49.24,7.84,94.4,pomegranate
48.39,141.16,55.8,33.11,64.52,6.7,249.18,lentil
125.55,55.41,176.95,14.0,16.85,8.8,247.01,blackgram
66.35,71.9,145.04,20.19,24.29,6.2,158.69,chickpea
93.46,54.74,114.55,14.53,42.35,4.4,182.63,grapes
24.12,100.55,126.91,39.5,49.59,8.53,251.54,chickpea
26.92,97.71,23.21,36.14,87.26,5.18,107.53,watermelon
5.72,105.15,99.78,17.05,87.65,3.82,34.05,cotton
23.65,42.54,43.74,21.95,78.1,4.26,155.13,lentil
39.0,49.19,46.68,43.83,35.25,7.15,275.84,grapes
24.78,22.54,137.26,30.8,87.12,7.14,241.33,pigeonpeas
12.42,96.77,187.25,38.04,65.15,5.06,122.65,muskmelon
16.89,10.57,85.75,19.26,41.44,7.86,38.14,banana
64.51,88.68,46.55,17.35,66.13,8.14,198.34,chickpea
28.89,126.76,134.75,37.44,11.32,9.02,253.66,rice
51.0,129.72,179.24,34.01,21.69,7.01,206.19,chickpea
70.48,67.87,154.66,33.83,76.37,8.18,139.02,mango
96.66,69.3,178.75,29.34,61.65,8.02,54.54,mothbeans
5.5,15.78,112.31,29.73,39.14,5.05,275.02,watermelon
111.92,98.91,155.38,35.75,50.05,5.36,97.27,pigeonpeas
87.91,119.98,33.01,19.45,82.41,6.37,82.8,grapes
11.45,39.25,74.65,22.35,60.53,3.61,248.47,orange
122.3,63.98,82.91,40.51,41.85,5.28,294.74,chickpea
128.92,122.44,107.26,20.81,19.63,6.34,204.84,rice
8.55,127.8,190.82,29.12,33.5,4.15,194.95,maize
38.76,39.05,179.86,34.59,88.27,4.26,109.44,mango
112.87,82.08,31.91,45.0,44.99,6.28,25.72,orange
104.76,31.95,39.56,25.24,47.75,7.89,73.7,chickpea
25.83,19.26,76.53,24.98,49.89,8.5,183.64,chickpea
29.31,132.56,63.15,39.49,80.73,6.78,62.37,pomegranate
51.87,119.87,127.95,38.19,58.31,6.35,267.47,grapes
67.83,111.4,185.56,35.59,65.49,5.81,72.68,mothbeans
86.56,11.83,197.46,26.21,41.15,4.66,166.19,maize
51.65,123.12,135.72,21.34,12.33,4.38,163.36,mothbeans
64.75,66.33,172.63,31.31,84.48,8.25,189.1,mungbean
104.65,52.94,110.04,40.67,85.93,6.29,111.68,banana
5.14,81.51,46.67,40.93,85.93,8.24,264.59,mothbeans
35.34,17.79,109.94,13.8,85.49,7.72,144.4,muskmelon
99.87,110.93,116.02,24.99,75.22,4.66,216.04,apple
125.33,86.54,153.49,26.27,64.77,6.56,198.06,jute
71.63,31.12,48.98,44.22,77.56,6.16,52.8,chickpea
74.5,31.35,78.66,33.73,58.04,6.04,194.34,apple
15.0,30.79,77.81,24.25,20.75,6.76,174.2,orange
62.64,12.98,196.89,10.91,41.3,9.39,271.61,chickpea
74.57,87.29,93.79,29.79,87.7,8.38,266.65,apple
33.95,122.65,156.02,13.36,38.09,8.92,62.27,watermelon
37.69,7.45,155.16,39.21,79.43,3.68,42.87,jute
52.82,11.86,58.11,36.34,17.46,4.34,102.49,apple
2.81,85.19,119.37,26.12,36.73,4.01,296.25,mango
45.09,119.73,183.86,25.02,38.08,5.08,26.04,maize
29.6,50.74,100.04,41.41,14.13,6.15,208.41,banana
45.85,53.95,194.02,20.1,19.53,7.35,190.38,apple
16.77,88.49,47.89,18.72,25.45,6.5,201.04,jute
124.67,43.39,19.83,42.87,77.03,8.92,81.12,jute
83.1,8.73,183.29,38.32,15.07,9.14,83.48,mothbeans
95.07,107.93,174.54,38.72,33.9,4.48,140.58,mothbeans
110.48,92.59,203.52,16.83,10.81,8.62,46.84,pomegranate
69.78,86.31,140.88,15.02,65.65,6.39,40.89,muskmelon
12.17,108.84,192.34,10.91,59.62,6.22,44.74,chickpea
75.19,99.53,170.39,18.3,61.6,8.21,180.43,muskmelon
82.16,33.82,173.89,37.1,39.95,4.06,131.37,kidneybeans
104.36,54.35,118.83,18.4,26.66,8.79,102.21,papaya
60.43,22.66,81.47,35.52,67.63,7.53,108.43,jute
17.86,23.18,191.91,18.82,74.89,8.75,78.04,grapes
39.73,99.67,91.42,23.84,21.09,9.47,135.22,mothbeans
50.83,125.2,112.76,44.41,48.95,6.61,76.86,blackgram
90.43,139.78,94.22,18.57,29.9,4.06,215.45,mango
79.91,92.97,117.96,23.17,23.45,4.5,54.7,muskmelon
49.85,30.77,99.1,20.54,68.75,5.44,285.51,cotton
138.11,19.79,14.59,13.84,53.05,4.12,45.15,chickpea
84.81,118.8,181.41,27.15,27.29,8.39,284.17,mothbeans
33.21,86.03,93.88,23.25,34.8,5.28,253.32,maize
14.25,91.56,122.79,34.32,87.33,9.36,210.6,coconut
21.4,114.4,32.84,38.62,77.89,7.72,275.44,watermelon
34.43,103.46,5.68,29.05,80.4,4.54,58.98,cotton
22.5,121.82,54.06,11.13,46.8,6.36,69.37,grapes
26.12,12.87,145.92,31.66,59.9,6.3,90.6,mothbeans
39.91,109.65,24.84,11.94,40.14,6.46,88.55,orange
24.27,124.12,186.78,31.57,16.22,6.71,107.04,kidneybeans
125.55,45.06,48.0,33.98,42.09,3.69,181.18,cotton
11.23,94.66,45.92,16.92,57.52,7.62,27.89,coconut
73.43,48.98,41.3,38.68,32.97,6.42,127.04,mungbean
57.46,139.12,7.8,41.89,77.84,8.25,88.99,coconut
137.53,9.68,159.36,38.46,22.09,8.39,189.86,orange
15.69,86.17,180.01,20.68,39.37,4.88,295.85,cotton
55.7,28.31,127.83,30.53,19.99,3.79,164.94,papaya
135.73,104.71,42.64,42.02,42.39,7.72,139.19,coconut
121.17,29.62,62.06,21.22,13.17,9.37,123.11,maize
114.39,37.95,100.19,38.7,31.8,6.18,239.79,coffee
36.11,74.21,195.87,10.33,42.06,5.06,40.15,pigeonpeas
23.92,133.08,54.47,10.13,48.25,4.44,288.74,orange
93.61,34.64,151.33,36.59,53.5,5.22,137.02,watermelon
130.11,25.19,92.89,36.65,32.0,5.47,107.84,grapes
77.95,111.26,64.57,37.61,51.84,6.04,292.74,cotton
80.03,75.09,96.18,42.55,50.72,7.43,282.05,jute
39.2,132.65,19.24,14.13,35.29,5.14,199.74,mungbean
107.73,25.53,164.74,18.12,76.42,3.81,25.18,pomegranate
26.19,95.43,53.66,41.63,53.65,5.74,229.59,pomegranate
45.32,37.6,150.08,16.2,36.58,8.63,113.96,banana
59.56,26.95,18.67,33.88,85.79,6.49,128.72,muskmelon
71.07,100.68,196.02,28.57,77.61,9.29,64.45,mothbeans
33.94,88.12,43.6,12.91,88.61,6.52,166.57,maize
16.08,110.68,181.55,19.98,65.38,5.16,228.47,wheat
85.49,48.32,166.89,28.21,40.26,4.66,96.44,maize
40.41,67.72,198.57,39.83,32.47,7.67,282.85,mungbean
81.37,61.77,100.58,34.76,63.07,6.72,74.53,coconut
21.61,142.77,150.48,31.77,88.47,7.12,38.55,mungbean
67.36,45.91,79.14,27.36,60.14,8.03,200.42,chickpea
74.56,46.27,41.87,20.45,80.53,7.86,257.81,coffee
7.26,54.64,93.62,14.17,36.33,3.76,286.88,mango
47.12,84.04,38.15,24.32,42.56,8.32,234.81,jute
18.82,40.33,201.41,11.0,82.5,6.7,75.9,apple
8.87,133.14,24.25,17.39,70.55,5.85,293.75,jute
138.59,42.2,122.84,25.14,88.51,6.73,277.44,orange
45.13,130.41,130.29,24.65,71.98,7.17,65.69,kidneybeans
113.38,19.49,112.62,11.55,45.88,4.4,176.46,banana
35.65,96.92,137.44,30.62,52.49,6.0,175.54,wheat
95.41,131.98,28.24,29.24,82.04,5.51,143.91,lentil
106.43,28.62,116.0,12.73,54.13,5.6,295.6,mothbeans
83.39,140.57,62.44,43.01,30.43,4.05,36.69,watermelon
66.02,68.4,193.04,13.48,44.85,4.46,195.62,jute
57.66,137.4,157.41,39.92,51.31,4.47,77.49,mothbeans
48.84,99.75,199.5,10.01,17.74,5.74,167.65,watermelon
130.13,47.22,12.51,40.88,69.5,8.87,238.33,muskmelon
116.29,31.36,62.03,10.69,18.75,4.74,89.08,jute
135.1,47.52,44.08,36.52,42.39,6.0,130.14,rice
17.4,18.02,7.23,22.66,74.37,5.37,286.22,watermelon
102.32,25.14,53.47,35.84,47.41,8.22,233.21,maize
131.37,19.65,140.76,24.06,77.36,3.8,180.36,lentil
25.37,64.21,51.22,12.48,37.35,4.68,82.16,muskmelon
9.31,116.38,106.8,36.86,86.61,4.76,139.09,wheat
103.76,24.79,182.56,12.49,26.76,9.46,236.74,apple
80.43,23.24,143.75,42.27,13.06,6.92,249.75,rice
117.86,95.08,83.93,11.78,79.79,4.33,88.49,chickpea
19.57,32.61,79.49,26.78,70.18,5.13,205.38,pomegranate
111.34,18.67,96.15,35.31,28.56,4.51,46.6,apple
28.23,28.36,40.41,23.76,88.78,4.25,26.5,wheat
22.91,134.32,131.8,17.6,50.18,8.28,173.63,rice
23.0,120.01,77.83,36.57,86.09,6.47,82.83,pigeonpeas
114.04,54.57,175.47,37.45,50.4,7.29,42.1,pomegranate
93.13,96.81,156.31,42.29,47.75,5.49,224.35,chickpea
73.23,80.22,127.1,23.17,45.93,6.82,159.43,pomegranate
50.24,99.8,77.84,27.72,36.79,5.05,242.96,kidneybeans
122.81,100.57,46.99,22.71,52.7,5.35,205.9,lentil
54.94,93.02,160.23,19.0,46.2,7.41,224.35,kidneybeans
114.32,42.25,102.28,36.29,12.94,4.4,106.06,jute
61.48,10.46,49.95,21.89,30.83,7.2,93.72,jute
52.77,68.78,44.03,24.99,27.05,8.61,188.24,maize
64.78,129.74,38.08,24.13,79.39,4.22,76.02,pigeonpeas
42.19,84.73,160.43,34.94,57.91,8.88,248.32,mango
104.67,121.53,50.8,42.12,71.09,3.98,166.42,muskmelon
70.38,143.83,110.33,33.34,86.55,5.59,83.56,mothbeans
32.51,27.91,95.31,26.51,61.52,7.16,195.05,orange
125.94,101.85,120.92,37.27,88.61,6.86,284.61,maize
53.74,99.4,180.43,32.43,34.94,4.08,42.99,pigeonpeas
76.1,142.19,178.55,12.12,24.9,8.29,50.62,lentil
126.91,142.98,95.22,13.35,42.26,9.34,256.27,muskmelon
87.39,101.14,8.07,11.33,47.66,4.59,50.69,mango
16.37,39.11,90.29,25.99,81.63,8.87,31.03,blackgram
131.58,116.8,126.24,38.9,54.8,6.84,117.42,muskmelon
87.88,19.98,116.55,20.96,33.37,9.12,150.68,pomegranate
46.89,114.3,135.27,23.45,69.41,4.56,179.44,blackgram
19.5,132.43,35.82,41.83,50.47,8.25,162.04,lentil
111.16,58.6,134.31,39.29,22.97,3.86,275.69,pomegranate
86.81,93.29,41.53,33.28,56.15,8.8,235.23,cotton
74.68,65.22,155.1,19.34,82.91,7.54,295.47,jute
125.14,66.29,72.82,14.1,77.41,5.72,153.41,watermelon
110.4,48.45,146.98,10.56,56.94,4.64,43.61,cotton
21.23,111.7,14.57,13.75,40.17,8.4,287.55,mango
43.64,136.06,86.57,20.24,16.96,7.12,21.15,apple
34.79,136.71,146.01,29.31,47.57,5.66,237.31,chickpea
104.15,29.47,50.37,12.24,70.17,6.16,28.76,pomegranate
4.69,127.46,164.06,14.77,38.82,8.46,233.14,rice
79.78,108.24,131.16,16.34,28.84,5.53,282.62,rice
106.74,40.4,122.51,32.12,84.51,4.04,128.99,maize
122.75,14.42,75.71,31.55,75.72,8.97,87.47,coffee
47.89,42.52,101.49,29.28,61.06,5.82,83.36,watermelon
114.98,132.71,124.47,18.77,20.94,5.59,157.68,rice
15.49,93.65,99.49,22.99,21.59,4.73,67.85,coffee
118.5,105.95,144.66,13.38,18.26,8.88,208.42,muskmelon
17.85,41.0,91.74,17.93,59.3,4.81,123.14,apple
55.62,105.71,45.45,41.42,19.25,7.32,110.47,blackgram
111.62,8.94,47.79,44.29,77.41,8.78,149.16,kidneybeans
20.99,57.54,6.16,32.67,89.44,3.71,171.92,pigeonpeas
32.1,92.75,65.19,42.09,39.31,8.47,59.74,watermelon
101.12,25.45,154.78,32.5,46.29,5.96,218.17,blackgram
100.81,120.22,163.83,11.16,66.93,7.45,267.23,maize
89.76,37.9,45.49,44.89,84.97,5.73,97.84,papaya
97.15,96.32,196.81,13.46,81.53,7.67,70.51,cotton
75.98,61.73,105.48,33.89,14.61,5.03,232.94,mango
35.25,88.45,188.4,18.85,23.53,3.63,71.39,mango
48.4,20.04,146.35,23.72,70.37,9.19,31.55,coffee
25.42,7.37,149.49,32.61,65.11,3.6,193.39,maize
127.18,132.34,22.01,25.28,20.66,8.44,87.13,coconut
81.67,42.75,49.0,18.77,50.17,4.51,68.11,grapes
56.12,119.75,6.76,21.71,72.47,5.85,294.85,wheat
64.68,144.91,148.23,21.95,27.5,8.43,101.72,lentil
132.62,34.6,73.89,43.58,79.7,4.74,272.96,blackgram
21.47,42.12,162.33,37.95,14.24,8.69,69.9,mango
82.07,97.8,72.79,26.05,72.58,6.49,249.31,pomegranate
70.82,140.16,168.87,16.99,59.27,5.7,160.57,wheat
85.6,133.21,31.14,38.39,35.22,7.47,42.01,muskmelon
2.54,75.4,39.67,15.5,67.67,5.55,225.41,kidneybeans
122.1,116.32,73.18,17.37,72.59,5.58,269.78,rice
130.5,24.0,86.7,22.81,84.71,7.9,65.64,mungbean
79.12,141.84,74.74,40.81,39.42,5.36,223.17,jute
97.53,140.01,157.73,14.61,64.88,4.7,144.61,muskmelon
129.15,27.92,24.39,14.28,58.21,8.35,231.08,grapes
99.01,46.92,75.24,27.29,52.02,8.33,219.9,wheat
21.36,19.02,172.45,19.67,81.23,6.49,27.45,orange
80.68,43.04,18.36,29.91,10.25,6.66,70.04,cotton
84.94,119.23,193.47,25.81,32.57,7.68,151.89,mothbeans
59.38,57.96,202.26,25.22,53.06,6.56,281.41,banana
103.1,17.38,22.71,13.92,24.26,6.0,115.78,watermelon
130.81,52.91,63.25,14.94,82.63,9.47,196.08,jute
129.58,142.39,79.48,38.74,61.81,4.39,23.38,wheat
63.12,93.16,160.28,41.01,48.23,7.06,219.12,jute
15.85,63.26,124.19,18.21,75.18,8.82,188.86,apple
137.88,28.32,133.87,13.97,46.07,7.62,220.31,pomegranate
117.45,143.06,156.5,11.87,54.69,8.79,273.3,wheat
17.45,119.92,28.6,31.29,10.22,5.52,61.02,papaya
128.92,44.41,171.64,35.04,39.26,5.13,93.25,kidneybeans
121.79,14.81,146.12,23.05,21.1,8.61,298.82,apple
72.64,12.93,120.47,33.79,65.18,5.86,63.76,muskmelon
82.78,21.85,182.95,34.95,48.32,7.76,221.78,mango
55.86,86.31,145.06,42.74,34.14,4.39,223.02,mango
7.67,135.03,45.34,12.27,47.43,8.04,211.24,mango
46.93,74.54,90.95,16.73,26.77,6.79,83.68,kidneybeans
112.4,123.01,103.81,12.4,84.01,5.11,80.24,kidneybeans
0.65,67.42,16.04,40.38,14.32,6.47,206.58,coconut
46.69,104.2,195.93,37.74,79.23,7.68,72.15,papaya
55.74,107.46,30.72,30.11,50.91,3.57,205.24,mothbeans
75.24,29.35,144.49,12.93,59.52,7.32,157.91,pomegranate
128.78,55.57,106.25,19.57,34.21,6.75,128.26,coffee
48.49,94.22,10.13,20.42,87.34,4.82,104.07,rice
48.57,14.9,189.95,29.63,32.55,8.02,285.32,mothbeans
103.25,55.62,175.37,19.03,57.11,5.32,162.27,maize
63.31,79.87,109.85,12.55,89.47,5.16,177.15,mango
31.44,144.47,50.79,35.58,80.49,6.33,285.79,maize
63.34,71.43,29.32,20.47,52.91,7.56,203.09,pigeonpeas
19.72,119.25,77.68,25.83,89.23,9.07,288.2,jute
24.69,65.49,56.09,14.47,66.11,4.35,49.78,watermelon
69.77,116.49,106.34,38.09,26.7,5.88,257.06,chickpea
58.65,88.36,198.28,29.79,42.45,3.9,113.92,kidneybeans
128.08,129.12,119.99,41.56,36.76,8.05,246.94,maize
50.74,62.53,182.99,27.34,37.52,6.19,259.58,papaya
81.28,89.6,135.18,42.95,70.84,7.74,96.02,cotton
88.52,93.2,100.05,41.22,56.74,5.43,134.47,muskmelon
1.83,63.43,175.92,30.18,13.05,8.57,223.28,apple
92.9,25.2,99.27,42.69,80.2,6.71,47.74,blackgram
24.93,18.1,178.73,21.31,33.74,9.16,231.55,jute
134.55,7.33,63.32,22.8,89.77,3.97,50.93,blackgram
20.81,127.29,30.76,11.59,86.34,6.59,276.05,grapes
58.05,38.11,176.06,30.62,85.24,8.1,97.38,coffee
11.95,34.61,122.48,35.27,74.89,7.1,181.17,pomegranate
139.56,108.04,182.82,37.07,27.65,3.64,52.8,lentil
70.31,49.8,192.57,15.24,52.61,9.33,95.46,coffee
83.35,75.85,15.73,25.55,27.94,5.29,133.11,kidneybeans
9.39,27.75,105.19,16.19,30.77,5.0,156.37,coffee
104.99,139.36,79.99,33.17,58.88,6.41,20.02,chickpea
29.39,124.22,130.17,15.53,13.27,6.75,268.82,pomegranate
125.73,125.93,163.72,41.65,87.56,8.1,22.15,pigeonpeas
28.72,61.95,61.12,18.07,83.49,5.86,236.63,wheat
26.7,111.73,116.36,20.2,40.46,6.14,151.76,maize
5.12,25.14,146.75,39.78,51.23,6.71,166.69,orange
66.09,6.21,31.89,26.05,47.29,5.87,78.31,orange
79.08,7.8,167.81,10.84,80.58,8.99,190.06,mothbeans
9.2,87.12,126.22,27.31,65.09,8.61,170.42,cotton
108.57,68.76,194.91,12.96,32.25,6.23,65.99,mango
63.46,77.52,72.91,44.49,45.75,3.5,86.67,mango
73.41,6.04,26.63,30.58,44.32,8.91,38.73,pigeonpeas
61.71,64.18,106.3,18.98,86.75,4.25,38.56,maize
56.11,105.53,22.16,29.73,24.02,4.97,23.86,lentil
78.35,66.98,198.91,12.69,17.17,4.41,81.73,cotton
21.73,107.51,12.74,38.0,80.45,4.58,210.31,kidneybeans
25.47,37.62,155.7,42.39,81.73,8.32,108.54,pomegranate
120.65,118.84,110.02,40.61,79.74,6.98,115.97,chickpea
132.46,87.38,78.72,21.96,50.88,9.24,56.93,lentil
52.26,34.51,18.17,21.4,62.78,4.89,181.13,chickpea
37.9,38.14,129.43,11.23,55.07,6.41,115.8,mango
90.16,92.92,122.04,32.8,15.56,9.36,209.37,mungbean
57.22,121.19,61.18,28.72,57.67,8.46,227.61,pigeonpeas
3.55,63.19,187.04,26.08,11.09,7.87,183.71,pomegranate
21.86,41.16,65.82,41.77,36.0,4.63,97.3,wheat
100.24,126.38,94.95,15.88,84.58,8.12,162.41,orange
92.25,98.7,113.75,10.34,34.32,5.59,90.54,orange
3.79,67.73,25.05,12.57,85.19,6.68,272.82,jute
31.08,73.31,191.43,17.82,30.01,7.15,234.59,banana
32.35,33.6,79.91,11.16,35.16,7.16,158.04,apple
94.06,92.75,21.16,27.6,60.27,7.86,290.33,papaya
2.76,55.22,82.46,20.99,70.93,7.47,173.09,apple
14.58,144.39,125.04,16.32,50.11,3.91,111.99,chickpea
111.99,72.23,107.73,36.25,80.57,6.24,46.73,apple
25.0,73.02,143.91,17.16,13.22,7.48,172.25,muskmelon
91.38,84.22,16.1,34.07,83.78,5.28,260.92,blackgram
33.35,133.35,61.91,22.22,25.7,5.38,262.68,pomegranate
13.92,117.11,168.85,27.91,80.74,4.25,189.28,banana
34.04,68.16,20.98,42.69,42.07,6.01,130.16,pomegranate
101.12,105.62,176.1,11.31,76.62,9.42,202.08,mango
119.8,87.07,23.38,27.51,63.73,5.21,233.4,jute
116.23,73.93,171.89,39.9,24.08,6.69,135.25,mungbean
55.61,31.92,77.16,30.58,83.44,7.96,153.35,grapes
93.53,69.95,127.44,19.69,29.64,3.58,210.57,orange
28.7,39.41,35.58,23.92,29.53,8.9,265.46,grapes
41.04,133.08,18.23,33.81,75.13,5.82,241.48,muskmelon
125.49,51.96,48.19,41.18,18.47,8.71,26.27,watermelon
1.82,138.32,30.57,11.44,27.76,3.73,54.82,jute
11.97,79.63,67.48,12.5,50.29,4.37,258.78,coconut
29.1,93.42,107.88,21.38,76.44,5.44,253.47,mothbeans
3.71,81.01,122.75,18.15,21.8,5.57,128.87,mungbean
25.4,23.11,162.97,19.27,53.81,8.59,183.6,pigeonpeas
81.63,57.61,136.25,17.74,66.9,3.57,273.64,mango
59.0,18.88,126.75,16.85,78.85,7.35,275.24,apple
124.97,92.21,87.36,14.57,84.85,4.29,239.27,mungbean
114.44,67.56,99.76,42.69,72.77,8.44,78.68,pomegranate
47.85,113.92,87.9,15.05,62.23,8.17,224.48,apple
36.32,35.87,173.43,17.15,44.69,6.5,48.31,blackgram
53.16,28.04,51.0,18.62,18.97,4.78,270.3,wheat
82.64,61.89,6.14,42.66,66.78,7.31,61.76,lentil
37.53,134.72,135.26,36.45,89.42,4.44,205.46,jute
87.38,104.46,45.49,37.64,68.94,4.64,190.87,cotton
57.32,63.65,183.02,13.67,11.34,7.26,237.53,grapes
77.29,77.42,176.81,39.27,49.7,9.45,174.44,wheat
61.06,16.79,20.35,24.29,59.17,8.85,36.68,kidneybeans
41.23,142.84,26.28,19.2,65.17,7.06,217.64,apple
132.78,98.3,104.03,30.15,67.58,6.73,127.28,mungbean
106.9,44.96,126.84,38.78,54.65,9.49,109.68,orange
19.62,87.01,59.98,37.25,27.87,6.78,297.67,jute
121.59,20.33,148.36,41.15,85.38,6.02,185.31,mungbean
68.24,140.22,123.98,42.48,65.73,8.96,219.0,banana
125.24,29.47,69.96,18.33,28.95,4.91,167.37,grapes
111.98,95.72,10.07,24.84,35.79,4.09,235.59,coffee
59.53,39.36,155.03,10.51,83.75,7.3,230.58,maize
3.15,105.46,47.95,40.78,81.0,4.08,204.0,grapes
37.61,113.75,171.89,15.41,42.41,5.74,299.37,chickpea
75.83,99.28,89.06,40.15,13.06,6.04,148.74,rice
88.69,91.03,120.42,21.53,13.88,6.79,217.73,blackgram
36.1,129.95,179.59,22.88,32.71,9.45,243.38,grapes
19.51,16.01,177.72,11.37,60.33,4.83,125.29,lentil
116.89,51.33,79.3,21.44,56.74,5.75,148.01,orange
137.82,39.76,46.78,41.09,60.71,4.29,291.37,lentil
73.6,143.32,160.03,10.89,67.38,7.15,29.04,mothbeans
24.04,59.51,91.62,24.22,11.52,7.87,113.88,mungbean
38.12,107.57,43.41,11.1,18.41,6.39,156.14,grapes
2.57,100.86,185.89,22.98,38.76,4.97,20.41,chickpea
128.0,34.69,44.62,16.04,22.39,7.23,271.76,pomegranate
16.49,38.46,10.16,18.83,16.03,6.73,100.15,lentil
80.71,44.38,9.06,40.72,61.28,4.53,92.16,apple
38.37,62.56,129.46,25.26,75.23,5.93,249.69,kidneybeans
77.58,37.81,137.34,19.58,70.21,6.11,97.84,lentil
91.2,7.75,67.21,30.63,75.36,9.4,204.13,lentil
116.16,128.12,69.0,14.97,63.27,8.6,250.02,jute
28.9,140.19,72.9,19.08,68.83,7.91,241.89,mothbeans
1.54,52.82,141.03,29.12,31.74,8.83,238.95,apple
19.16,52.39,16.63,18.31,89.44,7.91,44.82,coconut
126.0,5.99,190.82,33.77,24.65,8.92,42.36,banana
122.34,100.24,49.5,27.2,27.16,3.83,105.9,kidneybeans
83.64,120.56,204.93,37.02,33.11,6.24,30.07,kidneybeans
84.07,25.53,39.3,43.19,88.03,7.98,160.12,coffee
93.11,27.35,159.31,14.05,89.06,7.0,130.54,chickpea
24.55,115.61,49.68,21.71,73.59,4.55,175.97,mothbeans
128.02,91.28,21.17,21.18,60.32,5.54,103.66,wheat
58.63,11.28,179.99,15.29,51.61,5.41,156.01,rice
53.64,92.16,176.75,38.36,87.65,5.07,113.73,lentil
72.65,48.25,85.71,36.6,65.65,5.56,74.66,rice
6.58,56.62,145.48,26.95,85.58,6.59,201.82,mango
23.28,112.76,116.41,28.82,35.32,8.63,208.56,apple
103.32,118.53,175.59,12.08,36.7,7.95,252.18,blackgram
11.59,61.05,68.01,29.44,78.38,8.51,264.93,chickpea
84.44,137.6,109.73,37.7,21.99,8.8,217.25,blackgram
34.35,61.9,102.07,30.08,85.67,6.0,212.5,mothbeans
54.5,113.06,75.78,19.29,50.6,5.58,35.87,coffee
40.42,72.74,183.29,33.36,84.11,3.85,50.74,wheat
49.79,130.65,38.18,22.65,36.94,9.08,247.52,orange
100.67,132.09,34.9,29.07,67.28,3.89,85.23,cotton
41.6,17.24,120.38,27.06,48.63,7.95,119.56,watermelon
79.3,136.11,136.5,23.34,60.14,5.77,60.68,lentil
66.65,120.57,43.92,35.16,50.35,9.19,74.64,apple
92.91,115.78,83.14,40.94,87.37,6.02,237.12,mothbeans
131.16,33.13,194.31,10.18,65.37,8.4,93.32,pomegranate
102.56,117.72,54.32,42.68,30.11,5.2,145.73,mothbeans
30.09,124.02,138.67,27.9,82.77,5.29,62.47,pomegranate
4.37,45.48,153.03,34.53,33.52,7.07,209.82,coffee
36.72,138.32,94.63,39.95,39.73,9.49,223.92,watermelon
83.31,11.98,192.51,26.35,18.17,6.61,121.27,papaya
7.2,25.99,152.33,39.22,82.0,9.12,239.73,papaya
69.49,80.26,96.58,16.22,32.89,8.22,87.17,lentil
83.56,85.61,118.87,15.57,30.71,8.28,213.73,muskmelon
46.79,95.32,143.52,33.01,83.62,6.12,224.39,coconut
107.93,7.38,123.44,40.46,74.44,5.82,291.22,mungbean
14.92,139.45,180.74,41.23,21.29,4.65,85.05,rice
10.52,11.24,76.38,32.53,71.55,9.28,46.24,wheat
101.95,25.03,64.98,28.39,83.04,9.26,93.65,lentil
69.37,6.96,47.77,21.6,16.28,7.98,54.4,lentil
96.38,84.36,12.56,44.3,76.02,5.28,67.51,lentil
60.88,135.52,13.6,21.19,53.79,4.97,113.55,blackgram
34.5,98.23,179.01,36.05,63.54,9.43,135.92,orange
114.67,120.17,140.68,28.62,49.43,3.9,273.04,wheat
111.92,6.86,137.11,31.3,65.82,8.56,74.77,kidneybeans
97.26,80.88,127.93,23.77,12.73,5.63,292.09,cotton
38.1,69.34,174.84,43.77,71.02,6.01,246.84,pomegranate
82.63,74.86,101.05,30.01,12.67,8.49,266.81,pigeonpeas
50.54,15.11,179.08,42.82,46.42,4.04,280.24,mungbean
12.82,100.82,76.89,10.27,22.08,5.63,230.91,mungbean
128.42,75.45,190.34,30.04,75.89,9.21,240.86,lentil
19.15,112.12,144.73,35.1,35.09,7.69,142.59,pomegranate
133.03,72.94,56.44,36.08,46.33,8.03,162.93,papaya
62.44,25.91,117.82,41.67,44.3,8.05,281.1,grapes
25.92,95.76,111.61,10.15,71.8,3.86,125.91,pomegranate
75.87,29.13,32.58,10.01,48.49,4.72,31.75,maize
122.21,127.14,123.25,26.53,73.12,6.45,233.57,rice
102.51,90.84,67.96,11.03,15.88,5.71,180.48,cotton
112.92,27.01,15.47,44.11,25.33,5.97,248.17,coffee
92.23,139.73,194.73,17.77,54.12,8.19,41.15,maize
96.92,77.57,133.3,26.54,85.77,3.59,193.94,blackgram
118.89,15.21,180.38,12.14,15.98,7.46,89.36,rice
34.95,92.76,140.21,28.27,13.45,3.5,272.92,jute
68.52,40.45,76.4,23.3,22.52,3.88,50.77,banana
30.97,117.52,107.54,11.56,61.29,5.95,256.06,banana
138.27,119.5,140.15,21.73,41.92,8.55,44.8,pigeonpeas
132.17,142.05,197.05,23.7,76.04,4.37,27.03,mungbean
5.52,75.26,55.73,44.65,15.75,6.83,85.82,maize
98.78,68.69,180.0,17.28,25.71,7.57,113.25,cotton
129.53,110.49,189.82,29.07,34.0,4.88,195.43,pomegranate
25.28,23.55,139.08,44.56,60.14,6.57,56.88,pomegranate
79.51,81.57,191.25,37.72,64.81,8.97,142.45,kidneybeans
128.17,81.47,84.58,44.77,19.94,6.57,77.19,mothbeans
4.75,17.53,195.6,43.89,85.5,4.44,259.48,papaya
97.64,63.52,145.56,27.13,37.28,7.27,32.59,mothbeans
41.63,124.46,13.4,34.37,67.05,7.05,119.66,lentil
129.42,124.86,186.37,13.87,51.94,3.66,196.78,mungbean
135.95,18.89,101.89,25.44,27.82,4.04,275.66,cotton
132.2,17.7,97.07,38.32,77.7,4.44,263.04,cotton
66.39,41.78,118.29,27.69,75.46,4.32,270.65,grapes
120.69,127.47,34.88,34.59,41.69,5.06,37.6,rice
118.24,23.05,98.83,36.1,57.09,6.22,255.46,mango
44.67,105.8,171.23,18.87,30.63,5.73,238.38,pigeonpeas
116.05,19.16,8.1,40.65,65.19,8.84,272.68,pigeonpeas
5.18,92.24,59.58,26.09,34.72,7.17,107.24,cotton
83.48,54.85,5.49,17.36,77.53,8.76,275.29,kidneybeans
32.2,115.45,88.14,40.29,27.39,6.66,132.74,maize
16.88,37.72,150.66,24.62,11.18,4.04,197.55,banana
10.77,94.49,164.75,36.26,31.48,6.28,138.77,watermelon
97.48,38.0,194.04,29.18,25.28,8.43,139.74,maize
47.58,104.91,126.7,23.37,50.66,4.66,173.06,muskmelon
101.47,127.31,55.93,38.35,26.3,4.05,119.66,orange
9.15,22.75,189.83,30.46,71.06,5.48,241.97,blackgram
44.14,126.32,160.06,23.67,29.31,5.83,197.42,mungbean
75.53,88.1,119.89,13.84,66.56,5.34,213.13,pomegranate
110.7,22.8,144.13,41.34,56.28,4.31,84.69,maize
44.63,64.86,189.86,11.24,88.9,5.01,291.48,kidneybeans
87.62,27.52,147.48,40.21,89.99,7.59,204.85,lentil
124.04,103.05,78.67,22.6,79.56,5.82,75.21,kidneybeans
86.22,111.24,147.61,32.38,70.8,7.3,230.14,mungbean
32.61,19.81,13.06,42.28,40.92,6.72,68.64,pigeonpeas
3.42,75.86,82.28,15.31,70.26,6.79,37.75,coffee
121.81,119.05,86.26,29.84,86.53,4.99,167.71,cotton
2.98,136.06,38.37,36.76,11.87,6.63,174.99,muskmelon
122.46,76.89,9.62,36.52,53.03,3.64,72.91,banana
74.05,138.04,31.68,28.4,27.44,6.09,117.55,apple
131.47,80.0,135.92,31.87,54.63,6.94,284.82,mungbean
111.83,60.19,165.46,36.51,47.32,4.59,99.8,chickpea
139.71,123.75,202.64,39.44,56.06,5.04,63.56,cotton
49.1,74.02,74.27,36.66,54.08,4.82,297.92,apple
107.41,71.07,124.88,22.39,86.81,3.92,104.65,maize
56.27,73.64,192.43,44.89,54.17,5.59,210.47,orange
67.18,123.55,38.41,25.21,77.7,9.37,84.84,muskmelon
87.85,121.47,148.53,10.86,35.59,5.62,174.03,wheat
122.31,61.49,156.0,22.69,45.05,6.26,128.16,mango
137.77,51.66,22.8,14.47,47.63,7.42,289.24,rice
107.56,73.87,177.25,14.25,32.3,7.39,141.19,jute
58.49,85.19,167.62,19.85,40.38,9.2,183.57,maize
58.99,38.37,11.68,11.87,57.88,8.65,284.53,rice
103.26,116.15,23.22,34.1,56.42,8.26,296.99,wheat
33.43,73.11,14.83,12.59,60.91,9.21,48.46,papaya
15.47,51.77,71.95,17.12,38.15,4.88,253.61,jute
49.65,19.95,106.86,13.25,35.27,7.2,126.99,maize
40.21,38.44,111.47,12.21,58.93,8.82,186.55,rice
41.48,137.9,58.53,19.37,20.63,7.24,125.01,coffee
32.71,47.71,187.32,30.02,30.24,9.36,132.31,blackgram
5.89,28.64,78.65,43.76,13.37,4.1,64.48,mungbean
2.5,69.49,14.11,40.64,15.81,6.14,180.37,kidneybeans
138.28,47.99,65.05,40.66,29.47,9.36,173.08,rice
59.89,9.92,111.22,16.16,11.56,5.78,73.02,watermelon
53.81,50.24,86.64,19.27,29.63,7.94,171.68,apple
95.15,81.18,59.77,12.67,62.4,3.68,292.47,watermelon
30.56,82.24,31.26,37.25,14.89,7.67,220.03,mungbean
132.99,54.92,168.83,12.44,44.94,9.11,154.68,coffee
110.09,67.62,204.23,29.48,83.05,5.8,276.5,cotton
12.52,140.17,70.91,18.68,73.3,3.63,181.09,maize
58.46,57.83,81.32,18.52,34.44,3.67,57.81,blackgram
123.08,41.15,128.61,44.68,83.98,8.85,173.3,coconut
132.26,39.09,148.69,36.49,36.37,7.84,70.67,grapes
65.44,69.09,83.41,39.29,15.8,4.14,234.9,pigeonpeas
85.88,111.33,185.99,30.02,89.52,3.83,290.81,coconut
23.38,33.84,117.0,40.49,79.6,8.33,121.03,chickpea
138.76,104.3,95.08,32.59,47.27,8.36,141.78,banana
32.43,7.96,134.33,43.12,63.31,4.22,138.02,maize
131.98,63.65,195.56,19.85,63.7,5.31,99.88,maize
90.95,113.62,163.91,30.84,25.56,8.18,242.37,cotton
85.08,52.42,13.0,34.15,26.0,6.65,192.96,apple
71.78,83.92,71.46,23.75,47.57,9.24,37.93,pigeonpeas
32.29,33.7,99.11,40.79,82.93,6.39,254.87,watermelon
24.71,108.88,67.9,44.29,10.8,7.56,72.38,pomegranate
30.87,12.32,145.04,27.28,72.6,6.56,294.16,orange
26.1,124.36,170.25,23.67,14.6,9.16,125.47,maize
109.14,32.75,151.27,26.52,48.26,5.89,192.61,apple
49.02,127.42,202.87,39.85,61.03,4.88,41.79,pomegranate
8.1,54.35,59.51,32.59,64.94,5.46,116.51,pigeonpeas
135.67,106.18,180.0,11.57,14.68,8.62,244.66,kidneybeans
123.73,49.69,158.32,28.98,43.49,6.49,153.62,lentil
129.89,131.83,77.44,10.61,56.71,5.63,273.29,wheat
139.29,22.73,151.82,37.25,15.28,6.77,181.04,watermelon
24.35,29.99,25.82,21.49,20.81,4.3,280.0,pomegranate
55.47,74.02,162.87,26.52,63.09,3.53,295.13,grapes
106.15,16.47,111.47,37.95,51.73,5.18,147.09,grapes
97.44,32.44,63.46,11.63,22.95,7.13,178.24,maize
21.55,137.13,136.16,15.55,52.82,7.77,253.78,jute
114.22,141.71,133.32,23.93,83.02,8.46,82.03,jute
31.42,57.68,46.9,18.05,11.25,9.06,261.26,muskmelon
31.33,134.26,11.08,21.83,61.41,5.97,185.74,grapes
75.18,81.28,91.72,44.94,15.89,7.94,223.14,lentil
83.01,42.76,118.9,38.89,10.52,3.95,42.36,jute
81.21,103.34,180.32,40.94,22.05,3.85,234.53,mungbean
12.81,97.25,190.64,42.8,43.83,4.25,107.02,banana
122.84,143.48,110.76,21.93,74.19,6.19,245.47,kidneybeans
37.18,42.11,155.76,20.4,32.54,4.77,162.56,mango
18.13,99.09,92.86,18.19,60.05,5.22,96.89,banana
124.42,12.28,154.22,39.05,42.89,7.39,286.77,maize
133.79,20.91,45.96,33.78,28.75,5.65,234.22,coffee
120.7,5.55,79.21,18.27,51.14,6.84,295.99,apple
113.33,144.92,131.85,23.19,73.8,5.97,122.05,coconut
91.73,117.32,8.63,27.73,76.6,4.51,201.78,kidneybeans
77.12,115.14,149.49,28.48,77.72,3.94,191.24,coffee
12.18,76.36,172.11,41.11,37.08,4.92,212.52,pigeonpeas
57.18,47.01,84.83,23.32,73.48,3.85,30.73,mango
52.18,26.18,94.59,41.8,26.97,7.21,101.68,pigeonpeas
36.37,44.85,175.26,25.45,69.07,8.27,274.61,mango
101.28,57.64,160.13,36.12,85.87,5.54,138.67,watermelon
69.42,110.88,62.63,42.56,11.1,5.82,288.98,wheat
11.35,80.55,69.8,41.77,45.23,8.4,79.78,pomegranate
30.83,15.85,140.78,11.99,61.82,4.84,299.28,muskmelon
95.66,7.52,117.64,17.2,66.14,4.21,215.32,orange
10.66,19.33,37.45,26.69,24.09,6.51,237.39,wheat
119.17,62.47,66.99,25.1,87.77,7.38,131.12,lentil
69.32,135.65,185.0,32.43,59.22,7.1,273.96,mango
67.28,94.24,142.63,43.06,23.15,7.78,172.73,mungbean
82.94,117.26,202.19,13.93,11.64,3.84,210.66,mothbeans
115.46,70.29,158.4,25.82,72.66,6.07,46.55,muskmelon
48.69,55.63,193.39,16.73,16.38,4.93,196.87,apple
94.92,20.18,48.24,41.29,21.28,8.05,266.14,blackgram
79.2,127.63,159.3,43.76,55.99,8.74,69.92,mungbean
37.38,114.64,9.04,26.75,58.28,5.19,226.56,coconut
123.01,28.54,139.15,13.64,64.95,4.07,27.11,kidneybeans
111.64,76.72,98.86,37.49,41.48,5.02,279.34,kidneybeans
92.18,73.23,74.35,34.4,71.91,4.12,295.22,mango
119.08,92.51,177.48,22.41,87.95,5.43,119.17,muskmelon
121.42,137.47,175.85,41.06,31.69,6.73,49.98,jute
99.17,86.17,9.46,44.15,66.24,9.34,204.4,pomegranate
117.18,80.63,126.9,29.52,84.28,5.9,28.35,watermelon
97.65,12.05,78.57,29.8,64.9,4.82,155.1,apple
95.22,13.81,88.13,20.41,64.49,4.5,96.1,watermelon
86.61,31.23,171.41,30.46,27.9,4.54,152.53,coffee
105.38,9.55,66.97,25.39,52.81,4.66,25.12,banana
22.2,109.07,193.61,20.58,55.0,8.07,34.45,chickpea
123.32,106.27,40.93,12.35,66.01,3.87,24.47,chickpea
122.06,24.05,137.54,18.84,89.75,9.48,193.36,cotton
4.09,122.05,139.42,16.92,12.69,6.64,176.83,muskmelon
115.61,26.67,55.44,28.97,15.22,6.77,85.28,watermelon
18.04,47.16,69.95,31.06,16.24,5.65,201.06,mungbean
46.92,39.86,171.96,31.3,69.44,7.64,267.58,cotton
104.09,57.12,157.36,23.59,20.91,6.33,97.65,coconut
22.51,40.65,70.82,24.74,59.8,5.47,252.96,mungbean
114.52,73.45,111.79,39.2,35.97,5.09,205.5,pomegranate
116.5,62.04,17.34,26.67,46.59,9.05,29.47,cotton
71.05,143.12,46.75,44.57,27.25,5.25,125.04,apple
0.89,12.83,102.16,25.39,79.29,6.12,162.17,maize
40.19,24.91,22.19,32.74,56.89,5.6,224.88,mothbeans
86.37,12.4,173.67,11.76,85.57,4.02,100.4,banana
137.37,92.62,148.6,32.87,55.97,4.62,295.16,rice
88.45,12.63,193.73,39.8,19.91,4.64,211.67,pomegranate
36.37,122.1,143.69,42.99,23.67,7.66,124.39,kidneybeans
88.76,76.67,193.08,44.91,89.13,5.94,47.17,pigeonpeas
75.6,78.78,115.9,19.88,68.05,8.19,70.78,grapes
109.18,83.62,125.04,30.14,13.94,7.75,156.53,apple
14.98,28.91,200.39,25.78,66.3,4.65,158.51,coffee
106.54,32.68,133.43,29.73,42.97,6.88,234.96,maize
75.78,49.63,11.16,15.51,34.58,7.96,223.33,chickpea
134.82,88.09,149.76,39.97,22.32,7.3,76.36,rice
47.86,34.42,186.09,41.83,77.19,7.1,186.59,chickpea
88.57,21.29,164.12,25.74,15.11,7.94,25.77,grapes
130.48,140.82,121.77,19.82,33.19,3.84,131.59,cotton
14.35,8.08,139.26,14.93,34.51,7.89,233.95,mothbeans
131.21,117.38,203.04,33.93,22.87,5.14,131.86,cotton
96.3,115.32,23.13,20.93,50.65,6.93,253.97,mothbeans
9.5,46.61,138.45,41.83,10.94,4.95,293.32,rice
42.13,23.99,61.68,33.49,34.08,8.53,190.02,wheat
99.14,25.39,133.02,32.6,84.69,6.38,60.6,coffee
9.43,102.64,126.52,29.58,34.84,7.36,126.31,maize
81.5,94.99,35.69,11.6,38.84,8.26,22.66,orange
48.42,114.58,46.35,42.62,47.85,8.87,188.76,pomegranate
86.93,136.25,129.33,31.98,54.94,7.89,250.04,banana
6.4,101.87,30.65,44.79,74.7,4.39,196.38,grapes
122.02,26.82,58.04,28.81,25.23,8.63,240.1,blackgram
136.29,39.08,172.05,34.85,79.74,7.21,243.97,lentil
135.64,122.91,70.42,11.97,70.6,7.16,258.28,mango
104.95,34.3,102.61,32.11,67.81,9.03,94.67,maize
18.21,15.15,193.23,36.76,16.94,4.99,263.96,blackgram
106.16,103.46,50.43,37.25,11.73,4.94,203.15,wheat
3.44,61.35,82.93,36.95,57.52,6.58,101.12,coffee
3.1,133.81,126.29,17.92,79.05,8.01,296.44,mungbean
45.31,96.04,156.07,44.14,56.76,6.18,286.05,mothbeans
68.41,17.66,185.33,44.83,27.06,7.3,180.84,blackgram
107.86,137.7,188.09,12.65,17.24,6.22,256.1,mango
95.66,41.2,160.33,42.78,65.97,7.16,93.22,mothbeans
62.43,52.21,50.67,20.13,67.74,8.43,136.49,mothbeans
38.31,61.32,9.96,34.12,23.8,4.58,71.51,rice
139.6,12.17,81.75,21.83,12.26,7.67,165.63,wheat
59.67,74.51,33.31,43.87,42.66,8.22,158.88,cotton
63.19,22.26,147.08,13.55,56.62,6.18,79.59,apple
22.91,61.14,137.23,27.42,66.48,5.44,208.38,lentil
111.27,54.1,13.79,24.98,74.8,3.58,52.98,watermelon
97.12,113.2,172.32,21.41,58.84,8.28,37.27,muskmelon
30.91,117.44,54.75,32.59,18.87,5.47,127.77,coffee
11.53,26.48,91.45,14.59,64.61,5.64,134.75,cotton
95.27,56.32,138.59,35.08,88.73,5.52,109.53,mango
91.63,57.27,90.88,44.32,82.45,6.49,92.23,cotton
38.26,26.2,93.26,38.16,79.73,7.71,114.86,mungbean
133.12,116.78,18.13,40.1,34.17,8.13,65.75,blackgram
21.15,104.01,85.29,22.59,70.06,5.86,132.97,rice
60.53,31.65,157.97,21.37,78.09,7.48,273.29,chickpea
132.11,56.34,188.04,28.1,64.27,7.82,82.84,orange
58.76,19.81,87.7,11.6,30.04,5.28,211.65,rice
89.39,92.95,89.72,43.09,86.31,4.08,59.7,maize
55.66,21.99,145.53,15.03,46.07,8.87,119.09,lentil
38.39,143.03,193.55,41.61,20.38,7.56,109.93,wheat
137.76,114.3,58.41,12.93,18.78,7.39,282.37,orange
57.31,59.63,93.03,38.79,61.8,3.85,139.83,wheat
125.17,86.0,164.19,15.32,45.02,8.41,213.33,mango
32.19,132.59,126.94,11.33,17.56,6.9,188.69,cotton
29.83,82.57,27.12,35.18,69.23,8.59,59.49,blackgram
4.36,29.43,130.55,19.81,73.95,9.35,283.07,coffee
91.23,58.02,42.35,35.01,68.03,9.24,116.84,coffee
51.59,123.04,107.04,29.43,26.18,8.64,32.53,wheat
121.01,95.19,110.82,13.81,65.18,3.57,104.12,wheat
66.25,96.1,180.24,42.62,10.86,8.81,113.98,kidneybeans
135.55,126.36,97.5,25.83,34.41,3.95,45.97,grapes
25.97,130.16,60.89,35.71,41.91,8.61,193.59,coffee
121.61,133.77,51.19,27.54,76.82,5.18,117.09,coffee
108.72,18.28,179.85,31.15,41.23,7.16,196.16,maize
107.93,81.18,39.2,20.6,10.9,3.73,21.89,grapes
118.27,108.67,90.17,17.01,38.19,8.13,294.97,rice
106.54,110.97,42.43,28.99,49.91,4.17,67.74,blackgram
87.67,89.94,159.66,25.41,85.92,5.96,204.61,muskmelon
18.37,28.35,99.87,23.65,85.28,8.4,220.42,apple
4.55,116.64,75.23,33.54,24.47,7.67,68.05,mungbean
128.92,105.82,77.22,34.17,24.81,3.54,51.28,watermelon
86.33,17.06,175.44,11.61,23.07,5.92,62.72,cotton
111.52,69.93,115.75,21.86,73.11,3.75,89.11,mungbean
67.41,29.36,148.57,24.41,10.48,7.54,67.1,mothbeans
16.42,52.25,184.41,13.39,20.17,9.31,208.72,blackgram
17.53,7.53,185.35,18.26,53.04,7.43,137.83,wheat
95.98,61.05,70.7,11.81,29.8,4.85,170.58,lentil
60.24,81.98,195.49,44.87,17.39,5.63,33.25,kidneybeans
28.07,91.74,9.98,35.78,38.79,9.36,261.15,muskmelon
68.82,97.89,80.37,13.06,31.94,4.84,67.76,cotton
8.99,122.08,184.16,10.71,50.89,6.87,120.84,rice
81.48,35.16,59.93,35.18,88.34,5.9,40.13,pigeonpeas
37.66,21.87,59.62,25.37,19.94,8.11,58.3,lentil
111.66,124.22,65.52,37.54,39.82,8.7,206.42,lentil
43.45,26.93,127.46,42.32,84.56,5.55,213.92,papaya
63.73,141.47,92.67,30.98,80.15,7.46,209.55,mango
1.63,122.96,150.35,16.55,41.54,6.79,174.6,papaya
10.14,75.12,183.98,37.38,65.92,5.17,286.71,maize
54.95,142.4,139.84,43.45,17.03,5.13,162.01,mango
67.19,18.63,45.89,30.31,67.0,6.73,145.84,chickpea
84.0,47.43,191.54,33.87,87.83,4.42,89.31,mungbean
40.83,94.35,57.9,21.81,53.0,8.36,47.68,banana
97.3,54.0,34.98,23.35,49.88,3.91,173.48,jute
120.42,134.97,22.99,35.71,24.99,4.07,108.17,apple
109.18,14.19,117.68,42.47,60.7,5.55,166.73,rice
5.55,81.92,27.75,32.01,57.23,4.21,77.71,wheat
67.27,87.72,32.76,37.64,62.15,6.35,254.69,blackgram
14.69,96.38,65.01,16.01,12.09,5.9,299.92,coffee
33.89,40.79,61.33,17.42,53.9,7.83,110.27,rice
138.13,56.04,125.85,28.62,57.59,9.22,255.85,papaya
19.95,123.12,168.35,16.18,26.6,8.02,264.44,apple
69.84,32.29,157.27,32.22,26.67,4.58,298.9,kidneybeans
86.54,120.76,57.5,20.21,32.1,9.11,115.96,watermelon
98.35,83.77,54.06,37.7,66.94,5.85,231.69,coconut
78.35,111.71,198.16,38.28,58.5,6.35,84.07,banana
1.37,104.91,6.65,26.23,77.66,6.03,194.94,chickpea
45.7,34.05,180.94,16.33,33.65,5.18,217.36,watermelon
72.48,84.63,44.95,32.64,82.97,8.87,227.51,maize
12.3,126.48,194.46,44.75,69.5,5.49,78.01,grapes
49.09,65.5,73.46,31.79,41.6,6.97,257.64,chickpea
4.65,140.32,93.07,11.25,17.62,4.94,137.87,papaya
11.0,68.31,146.42,10.61,30.56,8.28,80.58,pigeonpeas
55.57,24.99,122.53,21.21,86.54,8.15,171.91,apple
18.58,59.52,68.59,16.85,34.83,5.28,261.74,orange
79.46,138.24,115.77,38.46,36.39,7.59,290.78,mungbean
96.53,49.76,151.14,39.57,25.17,7.72,229.5,papaya
112.08,126.53,13.47,19.05,74.55,6.88,21.57,coconut
28.02,128.38,7.24,21.4,32.05,7.1,57.72,banana
23.45,54.03,96.61,18.27,36.42,6.95,41.36,apple
14.64,16.66,31.37,41.79,43.15,3.99,48.34,papaya
89.1,106.44,137.87,27.59,44.7,7.52,127.25,rice
98.91,48.61,47.81,32.96,42.91,6.32,114.78,pomegranate
4.42,114.61,91.57,24.54,50.3,6.13,51.83,lentil
131.07,66.97,44.53,32.09,75.16,8.66,267.03,muskmelon
7.28,72.94,114.7,23.5,75.54,3.64,192.32,kidneybeans
75.78,113.91,28.21,21.89,73.87,5.01,243.01,apple
99.27,58.53,9.62,32.21,18.09,4.23,124.03,blackgram
121.94,67.04,15.23,30.69,73.97,3.71,134.87,coffee
99.97,57.67,195.85,20.27,19.62,5.15,108.93,mungbean
112.24,56.43,33.46,15.23,19.98,9.43,142.76,lentil
47.52,78.63,146.7,22.9,85.83,5.12,190.91,mungbean
114.08,118.23,18.59,24.53,75.55,7.48,158.04,maize
11.22,55.65,26.63,32.0,54.19,4.21,254.62,coffee
125.27,78.4,106.78,42.01,80.0,7.11,272.04,coffee
76.66,98.9,97.97,11.27,89.15,9.41,151.51,coffee
114.42,42.72,195.32,18.53,58.85,5.25,87.13,banana
63.32,43.85,193.97,16.78,59.03,8.59,284.65,chickpea
90.1,135.68,160.92,27.58,70.35,9.49,225.81,jute
73.7,106.29,125.42,25.04,28.57,7.03,199.24,orange
102.42,85.81,95.99,35.52,23.37,5.36,228.72,coffee
11.43,95.68,76.24,18.48,70.77,7.54,41.27,blackgram
8.45,9.1,194.42,30.81,37.59,8.57,38.94,cotton
34.59,91.53,125.58,40.94,20.81,4.53,62.87,chickpea
22.34,76.33,120.81,41.87,35.19,6.22,61.29,wheat
122.05,81.4,51.38,43.56,38.69,5.42,137.79,mothbeans
30.69,55.32,14.34,37.06,87.22,5.2,64.07,orange
136.62,16.41,194.04,41.71,65.84,8.66,259.27,wheat
47.17,32.07,67.75,18.21,52.47,6.03,181.87,wheat
25.5,138.1,93.52,16.92,87.51,5.53,123.11,lentil
110.56,62.22,27.93,10.23,82.25,7.12,39.49,maize
92.22,70.34,172.38,34.74,50.96,4.82,185.49,papaya
69.75,12.38,10.53,42.81,82.45,4.88,52.63,wheat
77.75,10.26,171.8,16.54,42.34,6.62,228.1,maize
100.69,105.41,33.06,32.29,28.43,5.96,244.77,blackgram
31.98,80.33,182.31,36.13,28.61,5.27,172.31,pomegranate
139.49,76.22,150.95,42.47,62.99,3.82,61.89,pomegranate
136.47,39.04,37.93,32.64,50.09,6.62,240.32,maize
91.05,109.27,118.16,43.96,62.72,8.4,106.19,kidneybeans
27.94,28.55,67.53,22.06,64.89,8.61,82.34,banana
95.23,31.59,40.65,22.25,11.79,4.91,151.76,watermelon
10.11,69.5,176.84,29.01,14.32,7.1,278.34,coffee
4.29,45.08,85.7,23.42,52.61,8.64,103.26,apple
36.08,39.64,84.71,10.05,25.28,5.95,273.56,muskmelon
64.77,95.33,38.98,35.61,60.6,9.09,35.02,apple
121.56,96.14,81.61,36.31,54.17,8.92,43.39,watermelon
101.8,120.43,179.32,36.14,56.86,4.75,215.6,mango
103.98,63.48,77.63,22.08,34.2,5.05,73.37,wheat
59.57,15.23,195.32,28.28,61.19,4.58,108.65,apple
48.43,43.31,194.26,22.6,76.36,4.68,58.18,rice
51.95,142.2,33.98,10.56,89.85,8.95,113.03,lentil
138.27,88.48,40.46,29.69,77.08,9.09,98.53,chickpea
5.62,104.36,177.53,14.33,54.6,3.81,226.17,lentil
121.38,6.03,83.55,12.8,25.47,7.06,216.57,banana
81.01,77.55,5.87,36.44,64.52,6.89,287.38,maize
61.41,10.25,59.77,10.33,85.01,5.84,222.84,rice
101.54,84.69,124.53,43.57,26.95,7.29,214.55,papaya
68.13,133.91,164.85,28.03,30.48,9.18,214.38,rice
122.28,140.58,31.68,44.41,21.92,4.52,267.23,papaya
126.1,80.68,27.11,12.03,68.94,4.22,102.95,chickpea
59.04,69.15,189.42,30.42,42.52,3.7,104.03,mango
38.76,137.3,155.23,22.23,15.02,5.68,227.54,grapes
82.93,99.31,122.96,39.52,80.0,5.53,84.04,grapes
127.73,14.09,158.84,22.64,54.61,6.08,275.37,maize
29.49,70.2,90.77,19.12,36.49,6.52,169.74,papaya
87.22,38.63,156.69,40.01,37.52,8.05,104.03,pomegranate
88.42,70.77,79.36,23.11,33.22,5.85,237.31,blackgram
102.64,68.77,53.82,10.59,46.44,5.48,107.45,pigeonpeas
18.42,86.5,150.8,23.66,36.96,8.46,289.72,chickpea
100.22,54.95,88.93,32.91,53.84,8.6,295.24,kidneybeans
127.26,28.0,201.28,18.9,71.88,4.9,206.7,blackgram
25.16,75.52,74.9,25.12,63.96,5.39,51.82,rice
33.26,121.23,189.35,11.99,33.56,8.45,93.7,coffee
136.0,97.96,191.59,30.58,52.3,3.98,164.32,watermelon
25.34,52.37,53.37,36.47,77.21,5.46,258.41,pomegranate
119.61,135.97,164.64,24.47,15.46,6.19,71.77,coffee
68.92,132.71,91.61,24.71,16.26,4.62,49.23,rice
34.61,34.31,188.5,13.09,54.49,4.58,40.85,apple
121.9,10.52,95.02,17.07,61.13,6.05,161.95,watermelon
62.34,108.78,153.86,15.41,26.91,8.03,267.72,grapes
72.07,120.87,98.39,26.86,69.62,8.54,31.86,blackgram
50.29,140.5,50.56,28.52,61.7,9.38,79.45,coffee
83.01,129.58,44.87,43.21,83.86,3.94,214.11,chickpea
22.89,89.07,90.09,12.56,23.52,4.8,251.24,blackgram
54.75,79.21,156.1,31.0,70.11,8.04,246.07,kidneybeans
135.72,8.9,126.01,28.43,16.69,6.74,239.82,maize
36.14,39.53,142.73,28.07,55.22,5.47,56.34,orange
91.94,69.35,61.47,40.56,54.15,4.73,131.23,blackgram
45.53,92.99,101.29,17.19,41.07,5.18,295.73,chickpea
108.29,83.02,13.88,11.43,77.57,6.08,296.89,mothbeans
18.32,108.97,168.51,33.53,10.35,4.56,188.68,rice
135.77,44.17,202.98,22.08,51.61,9.29,218.59,muskmelon
63.53,84.09,86.38,10.62,27.37,4.15,286.36,pigeonpeas
33.05,17.34,7.19,18.8,69.48,9.41,145.98,pigeonpeas
10.29,62.91,38.96,20.83,13.45,8.55,58.32,grapes
23.77,110.02,135.51,31.59,76.52,6.04,207.31,jute
72.77,102.08,127.42,16.04,77.05,7.94,288.83,kidneybeans
47.18,143.69,162.57,24.46,76.63,7.53,215.22,pomegranate
116.04,43.9,55.78,26.89,22.21,4.78,244.93,rice
60.32,74.75,157.73,26.07,60.43,5.53,138.37,coconut
34.82,51.13,142.6,44.09,11.15,6.58,47.01,lentil
86.4,66.68,69.56,11.59,77.84,7.33,67.29,rice
98.95,124.97,114.1,43.28,67.84,6.76,295.14,cotton
23.39,100.79,34.45,30.37,52.49,6.34,158.09,chickpea
23.47,128.54,95.51,37.85,68.45,6.16,23.37,mungbean
5.13,33.49,181.24,25.06,17.55,6.49,287.5,rice
103.1,127.27,89.24,25.88,52.29,6.11,159.38,mungbean
92.93,13.37,172.91,40.78,33.3,6.75,254.16,grapes
66.45,129.4,123.05,41.36,87.81,8.83,173.57,apple
118.18,51.07,43.38,18.35,78.57,7.3,48.48,blackgram
112.79,49.04,121.22,16.97,68.66,7.84,192.36,pigeonpeas
81.95,76.69,106.2,27.37,84.7,7.08,299.27,rice
121.56,136.7,84.73,41.51,37.75,7.36,29.73,coffee
28.82,11.69,28.93,21.28,82.07,6.97,255.7,coffee
15.67,54.31,88.34,32.82,36.02,3.66,85.93,blackgram
37.76,124.92,19.55,34.79,68.62,9.5,130.28,rice
7.99,60.45,24.75,37.25,68.91,3.7,124.36,grapes
74.36,32.88,88.18,29.74,11.47,5.87,271.66,pomegranate
131.12,64.47,66.08,24.09,38.88,4.13,161.26,mungbean
5.51,58.98,190.11,43.85,11.55,4.08,145.21,coffee
17.1,133.16,80.14,31.4,89.77,8.26,249.05,banana
63.31,111.67,156.57,35.5,19.78,6.06,33.69,pigeonpeas
130.74,75.72,111.05,22.07,53.42,8.31,44.21,apple
44.26,143.37,145.82,33.45,73.24,5.14,26.07,pomegranate
71.01,70.14,57.02,19.02,26.1,5.04,212.64,lentil
5.82,13.15,193.38,18.58,48.8,5.01,167.17,mungbean
20.77,41.72,111.02,35.02,58.59,7.2,265.29,banana
138.13,66.05,171.26,28.25,22.82,8.39,159.59,cotton
135.12,26.97,78.01,33.91,72.28,6.21,82.11,chickpea
0.69,137.66,25.04,19.43,33.95,5.78,245.44,cotton
133.25,112.36,139.74,30.96,26.88,9.34,102.41,cotton
89.48,42.56,6.55,25.54,54.66,4.2,281.99,mango
121.51,87.71,100.06,30.89,42.83,6.42,90.12,maize
63.66,106.0,43.56,20.18,83.62,5.95,66.96,coconut
72.18,136.78,130.48,35.04,80.41,4.09,158.13,chickpea
68.44,128.43,200.88,38.21,48.67,5.11,34.14,mungbean
93.36,77.13,97.88,19.1,38.74,3.67,30.2,kidneybeans
19.55,113.45,168.5,20.52,36.04,8.76,158.88,jute
4.2,83.7,106.56,33.14,31.41,7.15,80.23,wheat
43.11,82.38,104.17,34.35,53.56,8.39,22.62,mungbean
98.66,21.06,191.08,34.64,74.4,6.63,102.9,kidneybeans
28.26,22.66,182.99,33.89,34.86,7.1,153.66,muskmelon
94.28,79.13,162.16,23.75,25.21,7.71,130.4,cotton
135.79,42.64,64.25,23.82,48.04,8.95,57.93,watermelon
13.15,7.95,114.0,18.92,15.52,4.05,182.31,papaya
94.16,106.2,49.78,15.49,66.1,5.49,218.89,mango
62.13,9.55,93.78,34.24,51.47,7.75,209.15,pomegranate
121.54,88.34,101.84,13.26,49.71,9.25,130.25,muskmelon
24.8,80.49,171.33,42.82,34.04,9.38,58.53,orange
96.97,140.63,184.21,38.93,82.37,7.33,159.86,watermelon
117.34,72.79,87.92,40.01,17.24,4.66,269.32,pigeonpeas
132.25,13.9,8.54,41.73,79.59,4.22,151.24,mungbean
95.65,82.24,177.35,24.3,40.14,9.18,74.79,chickpea
69.6,122.75,39.86,39.63,80.45,6.1,46.05,cotton
86.5,144.56,129.38,15.53,68.3,4.67,284.3,muskmelon
121.65,65.25,9.99,10.76,18.33,9.1,228.04,cotton
79.89,49.84,84.9,37.47,76.52,4.13,107.63,pomegranate
4.25,131.93,202.19,12.62,64.57,7.88,102.7,coconut
130.33,31.77,25.14,44.6,12.58,7.25,270.66,wheat
96.53,91.16,89.74,33.62,20.7,4.03,69.72,jute
94.71,61.8,66.43,36.37,60.85,5.53,169.81,chickpea
30.19,10.75,186.02,18.6,63.01,4.4,219.78,grapes
92.24,53.62,178.87,33.59,69.73,7.13,130.99,pomegranate
55.14,42.13,52.54,11.51,67.62,6.36,31.17,chickpea
91.17,101.05,21.24,39.32,62.76,3.53,83.77,maize
14.92,137.83,130.43,15.94,71.3,9.35,272.51,jute
92.1,42.53,72.27,34.41,56.01,5.6,166.47,kidneybeans
139.92,118.61,139.42,17.86,30.86,5.05,248.32,pigeonpeas
6.75,12.75,11.42,12.4,82.99,4.83,175.59,blackgram
136.8,80.34,31.68,26.85,11.46,4.45,284.21,chickpea
56.97,14.88,142.27,15.93,39.32,9.49,274.56,mothbeans
121.91,135.76,47.47,35.53,68.31,5.27,155.21,mango
109.53,112.29,176.52,18.31,44.17,5.93,109.12,lentil
79.38,97.11,16.72,21.99,11.99,8.73,188.47,banana
103.38,120.35,48.1,29.86,15.28,7.35,208.97,lentil
122.99,95.65,204.71,19.97,61.89,5.71,159.54,pomegranate
56.58,140.65,91.62,23.23,87.19,8.89,250.24,pomegranate
45.78,104.95,145.59,38.55,54.15,8.0,71.33,jute
93.46,134.45,41.53,16.27,50.54,4.87,113.64,pigeonpeas
113.1,77.4,126.97,12.88,35.47,7.36,212.19,pigeonpeas
106.72,21.39,150.22,21.49,30.54,9.03,89.07,coconut
111.69,78.94,67.9,24.85,11.68,6.48,143.16,pigeonpeas
60.98,22.76,170.78,28.99,31.84,7.9,289.85,banana
114.5,87.95,125.68,23.03,45.93,9.33,195.25,coffee
16.83,72.55,82.82,37.65,25.84,7.64,285.74,grapes
76.23,92.16,116.53,11.38,16.99,4.11,222.28,orange
0.81,6.41,120.35,25.11,67.42,4.97,222.91,coffee
45.44,32.28,38.11,23.38,81.57,7.07,185.72,papaya
51.3,73.79,85.55,32.67,84.94,5.15,59.82,lentil
55.46,138.07,73.69,43.82,59.44,9.25,165.52,lentil
97.37,58.71,85.18,27.86,14.22,5.93,90.75,mothbeans
54.4,64.41,157.22,44.54,69.27,6.24,299.63,lentil
62.82,105.06,101.51,20.58,18.81,7.71,94.75,grapes
33.26,89.53,193.06,11.08,63.58,6.65,84.59,kidneybeans
52.26,46.85,63.74,15.8,72.35,5.79,194.69,jute
31.82,62.51,88.14,23.83,68.07,3.96,163.07,pomegranate
10.25,35.48,162.39,21.07,86.15,7.08,25.98,mothbeans
84.48,140.24,114.2,13.4,69.05,8.71,56.27,coconut
93.55,23.29,114.41,25.14,65.46,7.61,247.09,orange
86.73,57.06,15.67,21.83,30.94,5.79,155.43,pomegranate
64.89,8.62,84.72,14.29,83.98,4.27,60.88,coconut
53.17,36.05,59.15,20.36,24.36,8.4,150.27,maize
120.87,114.27,204.87,41.03,82.39,9.15,90.88,mothbeans
72.67,33.16,66.67,20.57,35.01,5.83,82.61,chickpea
67.09,16.21,181.9,34.99,20.41,7.87,288.16,papaya
3.59,71.42,140.25,31.42,76.13,5.96,121.37,cotton
47.77,6.4,73.18,24.95,10.2,6.51,33.0,orange
53.23,16.87,113.71,18.37,76.57,8.52,291.69,pomegranate
55.84,118.07,173.11,22.92,30.98,4.0,242.56,grapes
81.22,113.01,181.67,30.72,80.78,6.68,91.24,lentil
74.7,133.12,37.08,22.28,65.32,4.79,134.49,grapes
85.11,124.63,72.91,17.52,63.29,5.54,261.44,chickpea
107.08,100.64,72.04,14.08,39.23,7.37,120.08,coffee
113.82,12.33,13.41,40.79,14.75,3.66,178.87,banana
100.54,114.6,124.65,25.41,76.41,7.06,169.76,banana
133.77,123.37,175.96,31.88,23.67,5.2,132.36,wheat
2.55,116.87,81.31,27.16,39.78,7.52,199.06,pigeonpeas
27.41,76.19,153.01,40.54,58.03,4.35,152.52,kidneybeans
1.06,37.61,130.54,29.14,48.58,7.91,25.94,papaya
90.65,123.35,80.13,26.83,25.89,7.37,248.03,cotton
125.72,106.8,33.21,42.36,21.25,9.33,51.68,watermelon
34.09,142.31,146.86,35.19,19.86,8.97,149.95,lentil
129.78,26.8,175.91,13.9,79.04,5.2,182.37,mothbeans
8.44,36.59,142.17,16.22,12.52,3.66,217.54,papaya
130.82,34.65,8.58,37.55,88.16,7.43,135.02,mungbean
49.23,115.96,48.25,39.25,25.88,7.12,225.95,watermelon
14.2,31.17,18.9,29.08,18.83,3.66,56.78,coffee
68.02,14.33,119.08,29.41,56.16,4.24,202.96,chickpea
35.95,144.8,156.3,32.12,16.4,7.01,251.37,mango
39.88,8.47,27.12,25.37,58.2,8.97,269.04,kidneybeans
43.02,121.93,172.67,33.81,78.05,8.94,182.28,pomegranate
112.42,56.15,116.1,13.8,13.83,4.41,107.61,muskmelon
75.48,122.83,142.99,43.64,73.99,5.81,65.74,coconut
43.58,82.65,199.28,36.26,41.56,3.76,116.76,orange
85.45,131.23,21.74,32.09,22.76,6.32,171.19,watermelon
100.26,134.67,185.24,21.07,24.09,8.02,74.97,rice
38.17,6.27,30.22,15.63,83.5,8.24,286.7,mungbean
57.9,15.56,83.59,24.33,18.85,6.49,271.2,chickpea
17.06,40.05,175.29,33.16,79.34,4.08,29.23,blackgram
25.36,98.7,186.25,32.18,53.54,5.79,177.35,papaya
95.36,129.36,106.27,23.39,13.12,9.09,241.01,mothbeans
25.4,69.39,123.82,31.47,47.16,4.88,88.71,watermelon
73.52,89.98,146.63,38.48,75.4,5.42,166.69,maize
99.27,31.39,171.55,10.92,68.1,7.98,133.68,banana
14.96,117.7,29.3,25.77,49.1,7.9,75.03,coffee
79.42,140.43,167.01,36.55,78.8,8.97,192.13,wheat
35.92,42.6,101.26,29.12,19.63,5.83,298.23,papaya
134.81,74.28,95.12,32.8,82.8,6.59,122.28,mothbeans
67.7,17.06,89.78,28.08,77.72,6.3,174.67,pomegranate
112.84,83.28,106.84,44.72,66.66,9.07,111.8,papaya
77.03,75.39,194.01,11.91,75.43,8.12,265.55,mungbean
6.08,25.22,114.64,27.19,53.51,8.49,262.09,mango
88.64,66.89,195.64,13.2,64.01,4.3,70.06,blackgram
133.2,51.77,41.06,15.59,54.85,8.25,271.99,wheat
84.23,78.06,149.83,23.41,38.43,6.1,62.42,orange
114.69,86.99,167.45,15.44,55.51,3.64,46.72,watermelon
123.79,6.19,140.83,43.73,30.6,3.86,202.82,coffee
31.93,111.54,126.38,43.14,45.22,7.57,128.05,pomegranate
29.69,104.82,117.96,21.76,32.46,5.73,168.61,watermelon
85.54,56.28,177.19,32.39,19.83,8.71,202.72,cotton
57.54,12.41,169.33,28.68,35.75,7.91,34.79,orange
117.58,110.69,29.46,38.55,78.16,3.63,102.03,grapes
126.0,138.72,174.72,31.96,40.49,7.62,149.05,cotton
49.48,38.62,87.81,10.01,69.84,4.65,94.64,papaya
33.16,50.29,55.74,36.71,24.02,6.04,33.71,mango
109.27,30.73,178.95,36.14,43.95,7.25,44.27,muskmelon
38.47,85.77,91.4,27.84,19.19,8.74,244.49,wheat
115.17,26.68,166.67,41.6,21.09,6.24,275.19,wheat
59.32,54.87,57.68,41.8,59.39,8.35,62.63,apple
93.46,102.58,5.79,28.34,58.6,8.2,89.79,jute
13.37,83.42,104.09,31.28,27.07,5.99,202.63,jute
87.34,59.1,25.05,44.88,47.95,6.51,287.2,coconut
63.25,63.83,155.88,20.46,79.06,7.7,103.89,orange
82.13,83.7,60.22,21.36,23.94,3.69,259.46,lentil
23.52,5.82,93.73,16.4,11.54,8.84,161.69,banana
103.16,15.99,22.41,41.36,62.16,8.12,287.84,maize
120.79,128.38,62.33,36.06,14.28,5.0,58.15,pigeonpeas
30.34,15.9,161.3,13.7,88.4,9.39,292.63,coconut
13.4,103.95,35.32,44.36,58.77,4.58,143.47,kidneybeans
3.31,133.81,134.43,35.58,47.63,8.98,286.82,cotton
89.88,42.9,188.49,39.77,44.4,5.45,148.43,mungbean
84.99,56.87,140.97,11.69,55.85,8.08,168.42,orange
76.54,84.65,167.2,27.67,17.25,6.24,245.34,muskmelon
32.47,128.44,26.79,34.45,84.4,7.92,222.34,grapes
54.73,136.87,55.15,29.0,60.05,4.43,193.49,pigeonpeas
83.23,108.54,183.91,33.33,24.72,5.12,136.75,pomegranate
69.55,17.13,148.02,38.63,55.01,4.1,241.88,pigeonpeas
138.29,98.68,132.91,23.1,20.66,8.69,285.5,kidneybeans
19.1,62.44,137.75,39.7,11.4,5.28,22.75,watermelon
97.32,70.9,87.84,15.7,60.44,7.67,184.6,pigeonpeas
56.6,11.88,13.91,19.48,61.88,8.42,262.47,cotton
59.95,31.75,161.89,11.52,56.7,8.91,202.87,muskmelon
100.46,115.67,140.74,22.75,24.68,4.14,244.23,orange
96.94,68.55,99.56,23.3,58.27,8.86,270.62,cotton
138.78,47.23,184.95,38.18,14.52,4.68,230.27,rice
17.98,58.76,72.23,32.86,58.74,7.92,220.76,maize
14.58,124.62,63.86,25.29,54.32,7.87,290.13,coffee
101.41,109.86,179.56,32.82,62.42,3.55,261.83,coconut
80.97,43.12,164.4,11.85,81.64,4.82,248.31,maize
38.38,21.45,108.0,16.31,78.03,6.45,44.19,mothbeans
11.12,40.28,31.15,31.94,88.45,6.02,86.93,grapes
11.99,133.91,48.01,32.45,88.1,9.01,175.89,orange
125.19,86.42,136.25,37.09,71.79,5.66,218.68,watermelon
26.86,79.69,82.01,24.1,86.51,9.12,104.9,mango
45.27,88.5,172.29,35.29,79.38,6.26,46.13,papaya
31.73,56.24,194.99,33.94,68.21,9.29,107.11,jute
49.7,117.99,166.13,43.72,16.03,7.92,235.89,wheat
9.72,78.26,80.51,17.53,13.92,8.48,265.67,mothbeans
72.67,21.34,162.74,29.31,77.01,4.13,275.61,mango
9.47,23.07,75.29,31.06,49.17,7.02,126.08,chickpea
112.05,80.16,38.42,44.95,75.17,4.36,124.31,pigeonpeas
32.72,136.12,11.68,17.04,35.03,5.29,133.88,orange
75.6,48.17,82.14,28.31,41.81,7.24,125.23,papaya
123.21,126.74,185.71,22.12,66.01,7.86,206.54,watermelon
91.12,111.97,52.8,28.41,83.23,3.74,120.33,maize
74.61,39.69,46.3,18.12,17.02,6.69,25.7,coconut
45.41,10.09,198.96,11.67,78.92,6.89,142.93,apple
46.62,19.26,10.0,30.04,73.44,3.97,82.76,muskmelon
93.73,106.99,162.16,21.75,35.24,6.5,28.07,mango
139.18,32.95,69.27,16.37,38.42,7.78,151.84,jute
92.66,56.98,12.5,21.34,13.72,3.82,77.67,jute
78.09,75.24,188.56,11.72,11.26,8.06,146.77,coconut
102.29,106.57,32.93,43.27,48.16,6.96,97.77,mungbean
65.13,20.85,115.36,30.34,17.64,8.5,189.04,cotton
8.42,61.89,59.81,38.52,25.52,4.81,297.45,grapes
78.72,72.91,18.04,24.81,77.74,8.5,173.22,chickpea
134.07,80.72,14.98,41.62,55.68,4.07,201.13,mothbeans
24.54,119.57,28.11,26.92,60.69,5.92,277.4,lentil
96.6,29.03,19.27,30.09,25.0,4.7,124.72,watermelon
28.13,118.1,157.11,27.21,76.29,8.76,66.63,muskmelon
75.02,102.0,102.11,35.66,79.44,7.73,99.18,mungbean
13.53,82.82,73.58,29.83,51.87,3.65,132.78,wheat
63.05,102.93,88.67,19.51,83.0,3.56,200.6,apple
105.86,62.68,190.79,15.09,77.59,5.25,21.28,pigeonpeas
48.66,24.38,187.15,31.21,68.51,4.36,258.95,muskmelon
93.09,98.21,148.14,27.12,68.73,7.28,41.31,wheat
111.36,78.45,181.94,13.36,18.43,7.48,272.18,cotton
129.8,94.51,68.93,23.85,31.67,9.15,285.84,orange
32.85,52.32,81.22,28.02,15.35,9.21,297.23,pomegranate
55.9,131.96,127.74,38.94,10.69,7.45,246.66,banana
21.34,87.23,129.73,12.66,22.66,3.53,59.72,kidneybeans
138.95,16.96,101.34,22.2,80.44,5.65,217.73,wheat
129.78,67.97,85.13,38.79,29.19,6.58,76.93,jute
75.59,110.89,202.24,32.69,87.61,6.5,271.2,orange
117.88,116.18,169.22,20.15,57.78,7.12,108.65,jute
72.93,74.24,92.0,39.59,28.98,9.26,111.5,pigeonpeas
87.3,130.26,150.46,27.27,49.77,8.81,276.94,rice
12.48,42.47,58.91,27.44,27.53,4.15,23.7,blackgram
105.74,62.48,25.03,44.18,88.72,5.1,74.31,watermelon
17.88,130.8,75.49,43.15,77.78,8.5,138.14,mungbean
115.65,130.48,85.59,22.55,12.1,8.45,216.2,grapes
109.48,101.0,8.31,14.92,85.82,5.15,201.32,chickpea
99.22,125.26,167.96,21.4,67.69,7.88,207.44,mothbeans
5.06,17.43,76.84,11.07,16.59,7.53,266.41,coconut
42.44,126.1,121.08,10.73,63.65,6.34,53.89,mungbean
36.84,49.89,19.79,23.84,61.75,4.71,166.21,lentil
50.42,29.97,40.0,42.94,27.5,8.83,223.13,orange
12.27,38.51,182.94,40.5,70.68,7.57,198.11,orange
131.17,63.52,126.74,27.9,16.97,4.51,145.53,papaya
77.53,40.17,195.06,29.78,49.16,7.73,24.79,chickpea
42.77,49.88,204.75,10.21,10.79,7.95,36.93,mango
55.58,23.9,79.37,17.54,87.5,8.82,53.3,pigeonpeas
62.61,46.46,64.76,10.87,70.13,4.84,116.1,cotton
84.08,85.12,176.67,36.41,22.71,9.43,52.94,mango
72.2,66.86,204.72,15.1,37.33,4.42,139.3,coffee
128.71,53.54,130.93,40.42,22.84,7.1,70.02,jute
69.57,109.5,164.03,32.52,71.33,7.44,238.17,muskmelon
138.9,130.09,161.35,18.03,14.71,6.01,264.02,coconut
119.2,110.95,76.07,15.52,77.23,6.35,129.1,lentil
29.19,51.48,119.85,31.97,85.38,8.85,163.17,blackgram
130.28,109.22,171.61,41.53,64.13,7.37,286.98,mothbeans
16.29,26.28,142.62,35.14,27.04,6.48,169.94,apple
114.44,23.24,9.23,22.2,38.81,4.27,298.62,coconut
53.29,53.39,72.34,30.56,48.18,3.54,59.8,mothbeans
122.92,118.08,33.9,20.88,58.37,4.25,261.42,wheat
121.53,39.49,51.59,44.97,63.49,9.24,159.22,papaya
112.83,13.86,186.1,36.21,54.34,8.08,26.36,rice
110.6,23.44,12.38,31.5,38.11,9.3,292.22,wheat
42.66,125.22,48.96,24.81,81.27,3.71,290.21,kidneybeans
11.33,93.73,66.91,31.64,16.51,7.58,127.32,orange
56.42,40.45,128.38,21.96,47.3,3.77,287.16,pigeonpeas
24.29,82.74,111.82,11.01,72.05,8.19,59.48,pigeonpeas
97.29,78.86,48.65,23.83,14.87,5.79,210.43,jute
48.45,96.76,37.85,42.57,66.43,4.07,73.74,muskmelon
136.59,37.65,52.36,31.92,75.58,6.91,89.06,muskmelon
89.74,126.02,105.51,12.94,62.87,5.18,238.21,maize
115.15,48.31,59.24,40.97,11.03,7.46,125.66,maize
18.55,102.18,194.52,19.41,24.41,7.45,22.0,coffee
120.68,7.26,97.77,18.53,37.37,7.73,135.99,chickpea
129.19,57.17,16.76,20.4,28.7,9.45,83.86,pigeonpeas
68.19,54.24,150.85,30.2,87.01,5.82,211.33,maize
84.88,81.09,70.77,29.06,62.13,6.29,74.45,blackgram
107.07,15.18,135.7,27.2,33.76,8.33,255.83,maize
24.48,115.62,60.92,35.11,84.38,6.97,94.79,pigeonpeas
70.36,35.49,119.15,21.08,69.25,3.72,130.05,cotton
55.81,99.79,159.43,37.37,32.77,8.56,103.45,coconut
20.49,117.45,190.6,16.14,40.31,3.81,200.3,blackgram
51.45,83.66,57.23,37.39,25.95,4.52,48.33,watermelon
9.54,108.72,71.97,33.23,87.69,4.11,153.87,blackgram
3.61,97.66,97.85,33.91,51.38,3.97,113.65,kidneybeans
18.92,54.77,190.43,26.85,81.68,3.65,267.56,cotton
134.84,118.24,185.28,33.35,37.72,3.83,40.56,muskmelon
76.93,46.26,22.98,12.79,78.87,6.15,252.31,maize
135.22,84.97,31.39,39.8,14.31,5.02,66.95,blackgram
60.55,109.36,104.1,11.94,88.57,4.26,44.8,apple
43.65,58.05,26.32,15.21,82.96,7.45,76.65,maize
70.86,47.39,74.12,30.19,39.06,4.86,48.74,mothbeans
61.53,69.31,34.68,35.88,71.98,3.61,165.88,mothbeans
14.79,119.51,132.21,12.67,70.18,6.01,296.7,cotton
89.72,135.19,194.9,42.23,82.1,5.36,29.61,pigeonpeas
30.25,81.31,204.35,44.08,34.58,5.41,149.12,coconut
86.74,97.61,80.05,31.21,47.24,6.17,128.1,mungbean
91.03,131.46,124.8,26.84,79.2,7.51,115.09,chickpea
21.28,18.8,176.25,35.95,72.29,7.2,112.92,watermelon
8.59,37.49,28.49,21.49,41.48,9.12,270.6,pigeonpeas
109.31,104.25,142.91,27.26,77.66,6.61,25.31,muskmelon
64.37,120.32,86.77,42.07,13.76,6.34,236.98,kidneybeans
8.14,124.98,46.23,43.45,72.56,4.78,90.82,banana
139.28,63.12,85.55,42.45,26.54,8.03,127.32,grapes
8.09,17.51,20.19,19.19,32.89,4.34,137.64,pigeonpeas
97.3,66.29,144.08,18.14,49.46,6.45,105.32,maize
137.72,37.3,55.55,20.42,45.98,6.03,46.2,papaya
33.49,45.77,67.28,25.45,51.65,7.45,52.01,lentil
19.91,113.12,29.22,21.0,53.58,9.01,103.48,mothbeans
16.99,15.57,177.93,23.1,36.52,9.18,250.11,mango
42.46,120.86,103.69,31.72,24.02,4.51,57.7,rice
14.15,64.87,119.43,36.69,71.48,5.07,227.94,rice
96.9,88.45,118.89,35.74,42.0,8.37,100.88,apple
8.72,17.55,87.1,38.5,50.47,6.61,267.37,jute
71.32,52.23,43.51,11.13,61.58,6.22,139.93,chickpea
139.54,17.56,154.03,11.67,82.77,7.76,68.08,grapes
113.96,139.62,30.41,37.63,66.6,7.11,296.04,pigeonpeas
86.13,118.02,25.77,28.66,13.64,9.32,69.46,grapes
42.88,69.35,147.03,30.23,77.08,7.0,178.93,watermelon
87.35,36.3,46.77,11.84,89.15,6.3,179.4,rice
73.79,135.68,66.35,18.94,47.8,6.76,124.39,coconut
59.65,53.24,100.05,32.34,87.57,8.35,286.42,muskmelon
18.3,27.54,94.87,40.07,53.79,7.18,256.28,chickpea
124.12,83.84,146.72,42.09,46.77,7.38,252.35,wheat
62.97,137.13,129.69,27.51,36.51,9.33,292.76,rice
27.25,5.54,133.88,29.09,62.6,7.21,147.99,mango
51.49,38.34,147.81,39.16,28.39,5.78,47.21,muskmelon
57.98,136.38,63.52,28.82,18.39,7.65,234.33,mungbean
115.86,28.95,69.47,28.09,12.18,7.46,126.63,jute
102.71,20.85,92.6,41.68,33.39,3.58,73.3,chickpea
107.7,84.83,66.49,37.65,41.66,6.3,155.31,wheat
1.54,125.66,201.99,41.82,54.17,7.96,279.2,mango
58.26,71.8,167.81,17.64,33.42,6.49,67.98,kidneybeans
67.39,144.24,37.93,28.35,88.72,8.18,257.64,coffee
2.69,100.08,6.12,39.49,33.34,6.21,137.1,coconut
36.37,15.37,13.56,13.89,45.28,9.4,58.3,cotton
106.44,144.0,53.81,37.81,18.26,5.26,257.55,mango
19.2,62.11,27.86,16.4,30.85,4.05,291.49,kidneybeans
74.94,45.24,111.67,38.28,13.87,6.08,101.56,muskmelon
30.13,83.1,176.6,31.42,54.76,6.75,104.99,pigeonpeas
1.7,47.6,152.35,16.76,70.09,5.59,129.35,muskmelon
33.77,17.1,48.12,26.57,25.66,4.95,247.96,jute
136.62,5.2,84.86,33.87,39.43,7.53,22.92,mango
112.22,67.94,106.58,32.18,11.33,5.76,82.71,pomegranate
134.34,122.16,167.04,24.95,77.16,7.29,217.65,cotton
68.3,85.12,172.82,41.48,72.4,8.17,133.58,rice
15.36,144.89,186.94,28.17,15.06,8.07,112.48,chickpea
76.71,45.16,106.85,27.71,39.19,5.75,264.24,maize
63.61,44.26,143.85,12.18,86.42,6.91,276.85,orange
118.21,27.36,27.36,42.27,41.36,6.2,285.44,coffee
13.73,27.97,118.06,16.2,52.1,8.72,96.31,muskmelon
68.35,44.93,54.74,28.49,38.42,8.77,275.5,mango
21.01,116.0,91.34,38.12,57.69,5.56,226.35,mango
45.45,131.81,131.81,17.54,88.25,4.05,63.18,mothbeans
103.23,141.51,56.4,28.46,89.8,4.51,190.88,watermelon
66.64,37.52,15.44,18.42,71.98,5.7,27.37,watermelon
52.62,128.38,7.05,36.59,42.34,6.89,218.35,kidneybeans
55.23,50.96,9.43,29.75,49.55,7.44,225.4,apple
64.32,20.8,6.67,39.96,38.54,5.49,241.01,jute
109.9,126.8,27.07,41.31,88.85,7.5,68.31,jute
124.89,94.05,52.9,32.71,66.62,9.13,195.91,pomegranate
133.75,28.06,49.24,35.39,45.91,7.41,70.08,mango
110.17,65.18,202.36,29.22,10.97,4.45,285.06,lentil
44.16,45.22,66.2,23.46,51.64,6.98,209.0,watermelon
96.34,108.15,30.48,32.68,88.71,6.75,46.69,wheat
61.26,68.48,114.11,41.79,51.84,8.72,72.37,pomegranate
35.65,143.5,176.59,24.58,24.59,5.6,205.77,pomegranate
117.72,12.66,140.61,21.0,11.77,6.04,153.47,jute
5.38,54.7,64.22,23.6,38.38,7.09,226.16,rice
126.25,72.47,117.32,25.24,83.46,6.65,98.62,mungbean
64.61,75.44,147.97,12.57,89.72,7.81,204.22,apple
89.21,49.23,150.62,27.45,85.63,3.74,69.55,mungbean
92.31,107.09,138.31,27.3,68.35,6.88,172.24,mango
125.32,127.46,179.16,30.6,54.65,4.23,288.18,coffee
89.13,136.42,179.02,22.7,57.25,5.39,195.9,kidneybeans
85.95,117.71,120.79,31.46,53.12,7.47,34.0,pigeonpeas
9.33,124.08,90.97,40.74,66.56,4.44,296.85,coconut
72.58,82.08,133.31,43.44,43.51,5.35,63.92,grapes
21.02,120.62,168.64,30.43,63.54,7.72,221.06,apple
103.24,47.49,6.13,11.49,19.73,7.4,169.11,muskmelon
71.71,60.79,203.4,43.92,31.26,4.05,102.42,blackgram
95.23,49.37,41.58,34.71,76.88,6.96,69.65,papaya
5.83,70.43,99.05,21.76,82.3,4.38,69.76,wheat
11.87,44.98,179.41,15.15,53.12,5.01,260.35,chickpea
100.29,139.63,50.01,15.02,12.53,6.26,264.42,coconut
10.09,48.8,100.36,15.87,84.16,4.16,150.24,blackgram
9.98,18.73,31.52,11.6,66.17,9.46,49.01,chickpea
1.7,78.75,84.02,41.58,43.12,4.49,267.57,kidneybeans
133.91,12.99,40.43,28.93,57.87,8.19,156.36,pigeonpeas
103.25,20.48,77.73,34.5,44.38,8.48,142.85,coconut
49.46,35.71,79.69,38.98,47.23,9.47,134.06,rice
41.51,70.01,203.63,37.7,80.94,6.07,122.2,mango
48.96,65.66,203.96,40.89,22.89,8.74,167.28,orange
108.45,116.96,27.96,43.85,18.29,9.25,189.27,maize
92.59,108.53,150.19,25.37,10.22,4.54,150.6,coconut
25.93,64.68,15.35,43.26,35.12,6.38,271.06,kidneybeans
24.38,51.72,11.04,35.32,21.79,3.86,108.95,mango
13.78,49.31,26.07,12.47,27.6,7.22,181.93,lentil
92.44,113.36,198.1,33.86,10.9,6.99,103.99,maize
107.01,12.29,193.17,34.04,28.18,4.72,230.94,pomegranate
37.11,6.8,43.79,41.71,36.62,8.29,48.59,rice
2.93,116.38,37.33,23.05,12.53,3.72,72.84,watermelon
11.5,71.8,53.11,30.47,58.63,8.34,244.34,chickpea
135.5,23.32,108.11,10.43,55.5,3.66,71.3,watermelon
41.36,37.98,118.94,21.62,17.76,7.44,195.21,mothbeans
107.69,135.55,49.32,12.18,57.6,3.97,291.67,watermelon
87.45,125.33,156.32,28.27,89.89,5.01,166.41,chickpea
53.47,104.37,66.91,38.61,85.56,7.83,72.47,maize
28.8,72.51,189.43,17.23,10.21,5.18,109.79,coffee
16.99,77.85,136.34,28.46,73.63,6.57,250.57,grapes
86.1,141.53,92.27,17.14,38.29,8.99,118.47,pigeonpeas
108.45,140.21,162.98,14.22,15.09,3.8,222.58,rice
90.15,35.14,168.58,27.88,33.68,8.37,237.66,blackgram
74.24,118.55,63.1,12.77,35.74,3.89,160.33,banana
5.87,32.61,72.94,30.56,51.86,4.26,239.3,orange
135.59,34.9,192.19,11.1,62.89,4.22,108.73,maize
111.82,99.65,37.95,13.74,69.92,9.46,164.52,cotton
41.0,61.7,13.43,29.25,29.67,4.58,212.24,papaya
137.2,135.42,95.81,30.7,35.74,8.88,67.06,maize
84.26,17.46,165.24,11.01,34.67,9.45,96.61,grapes
81.54,76.61,159.33,30.07,39.02,5.8,202.57,chickpea
104.73,133.59,188.91,39.35,89.97,7.29,203.5,mango
113.65,131.58,111.64,35.28,72.24,8.17,158.12,mango
91.91,26.91,25.01,14.59,88.0,5.86,242.76,wheat
17.93,56.33,122.74,30.74,65.45,4.47,154.98,cotton
47.36,91.68,160.68,33.53,42.5,6.1,266.77,wheat
129.93,27.32,23.67,11.3,41.18,8.13,226.05,lentil
31.45,140.52,39.53,39.94,49.09,8.18,108.11,pomegranate
52.1,133.06,7.46,41.72,43.35,4.88,130.67,watermelon
60.49,28.37,123.73,39.77,76.27,4.55,206.95,maize
61.52,21.96,182.35,38.86,47.2,9.02,270.45,grapes
85.81,16.96,139.13,36.07,33.65,3.76,70.04,orange
132.03,132.32,201.41,32.17,71.99,7.91,164.11,papaya
33.7,32.11,17.61,33.75,78.35,3.78,53.26,papaya
17.01,63.28,185.6,38.22,43.63,8.53,98.25,rice
27.65,67.84,167.81,33.19,63.42,8.93,212.07,papaya
124.17,88.86,67.85,21.47,14.7,5.28,41.77,maize
90.41,15.04,199.71,23.16,52.36,3.94,205.46,coconut
40.03,36.75,62.59,41.4,13.6,6.38,272.23,mungbean
114.23,135.41,182.86,10.6,12.34,5.29,291.42,apple
120.59,132.18,181.15,34.46,59.03,6.0,80.66,rice
118.51,114.38,156.53,43.42,34.27,7.49,229.69,pigeonpeas
128.65,7.72,117.69,34.72,69.4,4.76,279.38,apple
35.31,50.78,29.0,44.79,81.69,5.64,45.58,cotton
105.71,92.91,111.39,34.06,21.15,8.2,135.93,rice
64.48,43.53,76.36,11.2,67.96,7.36,277.43,mango
117.88,132.34,163.44,38.95,51.16,5.46,76.78,banana
101.99,93.74,156.63,19.96,18.97,7.49,281.45,kidneybeans
108.7,15.07,187.12,25.61,62.13,8.09,167.61,jute
91.86,132.26,7.97,20.92,58.76,7.05,47.97,coconut
24.84,139.09,166.82,19.4,51.25,4.94,145.97,mango
76.3,15.88,192.69,25.1,84.12,3.5,111.35,mungbean
137.85,79.53,162.86,23.26,51.69,8.32,99.02,banana
131.23,47.47,31.04,32.17,89.24,8.44,171.61,blackgram
6.04,60.0,21.26,38.46,50.74,7.69,155.41,apple
23.07,30.15,9.17,20.4,19.27,3.96,154.95,grapes
18.44,85.93,130.75,17.48,47.64,7.01,44.68,mothbeans
101.64,139.12,130.93,33.34,24.59,8.43,244.65,chickpea
114.49,75.43,202.38,33.46,57.77,5.84,154.8,mothbeans
29.89,16.61,84.61,41.54,65.45,4.69,249.85,apple
70.82,91.8,71.38,10.56,47.47,7.03,250.89,apple
117.7,52.63,129.88,39.86,17.82,8.46,108.8,rice
102.59,124.83,170.12,28.24,47.49,3.79,21.22,wheat
75.91,65.85,192.35,31.75,16.52,7.08,275.15,orange
82.65,32.0,165.62,13.2,64.57,7.36,232.99,blackgram
71.17,31.75,90.33,25.14,73.23,7.11,50.03,kidneybeans
41.66,112.63,131.98,17.96,86.99,7.4,216.48,rice
79.1,42.18,176.26,18.9,21.9,7.29,25.61,mothbeans
96.44,112.41,103.12,27.64,52.59,4.28,27.77,wheat
122.27,33.82,48.34,38.44,55.4,4.91,167.23,maize
89.08,50.04,38.94,36.03,83.8,7.21,46.89,chickpea
106.56,70.17,5.03,30.68,60.18,3.61,290.01,maize
22.41,137.05,148.65,28.88,21.64,7.31,270.27,papaya
64.62,135.44,27.22,24.96,44.91,7.49,201.95,banana
1.31,33.96,53.77,44.04,62.38,4.94,37.84,watermelon
34.54,55.15,64.58,29.61,66.02,7.09,110.95,chickpea
101.7,25.92,117.08,18.89,79.05,6.7,124.08,rice
138.85,76.4,84.59,18.05,24.44,5.06,154.65,muskmelon
13.88,69.48,139.93,31.4,86.12,6.28,67.29,pigeonpeas
56.21,131.11,16.13,28.3,14.73,8.96,181.7,apple
112.01,135.2,29.79,10.27,88.7,6.06,142.02,kidneybeans
28.56,58.7,104.84,39.05,78.62,7.28,285.24,coffee
77.71,73.84,72.39,34.64,62.82,3.71,282.13,mango
102.63,130.47,64.16,33.16,68.8,3.97,178.33,banana
86.24,117.94,18.41,12.41,15.82,3.99,200.42,rice
26.32,5.51,184.14,22.67,13.32,8.17,58.58,banana
49.75,49.81,143.36,42.74,18.14,5.6,82.53,jute
109.73,64.05,29.32,40.19,16.99,4.87,272.2,wheat
77.59,37.16,18.01,19.99,53.79,7.98,215.77,orange
0.73,32.94,199.97,15.5,27.24,4.52,73.04,blackgram
106.54,10.29,141.23,25.72,78.82,4.98,179.66,muskmelon
4.94,95.07,88.49,22.45,45.66,6.09,281.73,coconut
104.4,41.75,145.35,33.88,65.64,5.49,116.65,watermelon
28.35,12.33,156.27,43.83,62.23,7.01,72.03,jute
134.13,37.34,160.99,22.71,35.59,5.53,283.77,lentil
51.51,117.27,100.58,12.18,29.45,5.86,149.15,wheat
45.77,124.21,90.98,41.42,37.4,8.68,136.83,chickpea
20.84,72.63,7.21,11.33,73.73,8.81,94.92,orange
42.78,63.25,190.31,43.35,56.9,8.47,269.64,papaya
122.73,141.9,125.66,33.26,30.28,8.69,256.77,orange
139.49,33.08,45.63,42.96,75.43,6.92,132.84,grapes
51.56,35.15,188.92,16.99,14.38,7.38,28.57,mungbean
62.81,45.86,187.99,11.42,65.93,6.84,145.06,kidneybeans
101.09,29.19,202.84,27.09,45.13,8.21,70.64,kidneybeans
124.07,58.11,179.81,25.77,68.5,6.81,59.97,mungbean
83.03,132.52,204.56,21.6,84.2,4.17,130.07,pomegranate
54.81,91.15,53.94,43.52,70.0,8.36,47.74,coffee
57.77,62.67,173.45,38.79,45.36,8.06,288.09,cotton
97.39,135.82,169.61,33.16,22.08,8.42,33.31,mothbeans
0.45,11.78,51.19,15.7,74.51,4.64,132.38,mango
86.74,34.44,24.69,35.7,46.86,5.13,65.56,apple
49.77,84.22,200.88,35.45,16.02,5.27,212.87,papaya
111.19,91.18,64.2,24.88,67.52,6.55,42.07,maize
13.02,10.54,179.18,42.37,33.35,4.3,173.11,wheat
82.35,61.43,5.83,15.84,13.91,5.81,236.47,pigeonpeas
67.34,95.88,9.2,19.36,82.22,4.59,286.02,papaya
89.93,102.73,98.17,12.21,48.65,5.09,215.59,watermelon
9.08,94.34,52.74,37.84,32.48,7.74,47.86,chickpea
81.2,49.88,142.97,31.76,67.31,8.63,44.79,papaya
78.61,18.09,118.11,21.02,80.87,3.64,224.85,mothbeans
78.49,64.8,20.5,15.73,10.02,6.9,80.29,coconut
84.49,23.03,37.53,11.41,65.03,3.72,145.23,cotton
94.71,137.67,82.61,15.84,71.36,4.01,293.45,grapes
112.7,71.52,42.12,25.86,26.79,7.73,249.57,mothbeans
37.77,49.42,163.44,18.65,49.17,7.91,257.05,coconut
115.51,112.28,88.21,19.06,17.14,8.38,261.02,grapes
69.76,74.71,23.69,40.65,69.74,6.35,193.47,jute
10.79,48.4,101.87,28.03,77.8,8.66,228.3,jute
8.2,118.68,23.17,35.52,18.65,4.5,120.51,kidneybeans
46.79,126.4,30.79,11.25,75.32,5.0,299.56,watermelon
109.89,99.22,52.92,22.78,71.73,4.31,98.29,banana
99.08,11.58,176.91,26.77,37.75,8.29,185.2,apple
110.41,84.29,189.92,16.52,65.22,4.87,98.98,cotton
72.42,111.86,170.25,14.21,10.0,4.43,51.38,kidneybeans
61.63,24.11,71.82,40.46,84.54,7.24,178.92,papaya
20.64,37.01,59.49,42.88,54.03,3.96,118.94,lentil
45.95,128.55,114.83,12.76,59.63,3.77,183.3,banana
60.76,7.82,149.37,22.22,63.17,4.14,176.43,wheat
12.4,110.38,203.67,43.54,54.91,3.5,171.83,apple
30.89,71.33,31.31,12.91,78.54,7.68,54.52,kidneybeans
83.75,67.55,14.86,32.53,58.78,6.87,143.25,watermelon
102.99,5.99,143.87,44.03,82.62,4.76,247.36,coconut
139.77,119.72,171.45,44.24,56.59,4.9,108.24,coffee
130.64,55.38,174.27,26.49,23.69,8.37,144.27,mango
89.96,80.71,140.69,15.7,83.09,6.51,158.27,coconut
58.97,99.82,195.8,17.07,64.53,7.69,261.56,pomegranate
89.06,103.37,107.2,41.14,65.94,6.22,203.57,orange
109.99,138.84,187.76,41.91,88.84,4.93,48.06,blackgram
16.57,79.39,198.56,31.28,16.02,9.32,262.25,muskmelon
57.39,60.96,174.43,36.82,44.29,6.89,252.98,watermelon
117.57,138.52,66.95,35.9,29.13,4.29,231.02,chickpea
53.74,94.9,44.24,33.16,60.43,5.94,150.5,banana
80.06,46.74,114.62,38.95,74.54,5.48,232.11,mango
82.29,22.7,95.6,33.99,87.3,4.78,154.05,blackgram
25.83,122.96,180.55,28.69,46.37,9.1,226.25,watermelon
50.71,55.71,25.01,18.29,72.9,8.79,266.43,orange
46.83,97.47,56.55,36.04,83.36,4.69,269.35,coconut
3.67,70.91,155.36,26.57,64.67,5.61,147.28,jute
3.39,32.85,24.0,20.32,29.42,8.07,260.62,mothbeans
116.44,89.24,69.15,38.07,58.63,4.75,48.41,cotton
38.23,13.5,82.43,34.38,87.6,7.05,48.51,banana
72.53,62.87,129.52,42.81,89.0,7.7,173.51,lentil
41.82,81.53,36.63,15.79,61.39,7.42,202.52,mothbeans
131.7,66.05,177.12,32.72,80.96,7.74,62.84,grapes
36.3,109.81,94.51,18.55,26.03,7.74,152.21,watermelon
60.15,120.91,188.4,41.63,29.69,9.29,46.42,chickpea
122.18,112.97,98.57,13.48,86.23,5.58,188.59,mungbean
117.87,10.43,60.01,32.97,20.82,8.77,259.43,papaya
26.05,32.18,33.37,37.69,25.29,3.63,226.54,papaya
112.37,80.13,5.75,22.42,43.64,5.23,125.92,kidneybeans
64.15,135.88,111.43,43.39,57.17,3.79,298.26,jute
67.62,121.89,26.43,39.78,58.31,7.41,205.62,maize
18.69,122.95,83.35,20.31,33.36,4.1,248.27,lentil
11.28,47.45,122.85,10.26,83.65,8.57,207.52,watermelon
101.91,65.12,60.14,20.38,83.21,7.38,297.04,wheat
69.5,70.9,40.04,19.85,41.37,3.67,249.98,cotton
61.16,27.03,159.94,41.15,44.74,7.79,165.44,lentil
102.13,9.35,194.36,43.85,66.2,8.67,122.73,jute
107.17,137.57,25.09,12.47,63.04,7.47,211.0,muskmelon
22.25,38.7,36.12,26.5,40.58,3.68,185.26,maize
85.43,38.59,197.0,29.19,43.14,8.65,196.22,mothbeans
18.95,16.67,12.56,13.25,37.84,7.89,116.04,papaya
105.19,134.99,200.53,23.21,28.83,5.77,140.04,watermelon
91.97,86.16,5.93,21.1,46.65,5.47,176.27,banana
133.93,98.39,179.73,28.76,64.91,6.38,255.0,wheat
9.65,132.62,66.47,33.14,69.36,8.7,233.61,mango
7.99,53.39,192.72,34.62,72.31,5.01,53.22,coconut
39.51,92.01,68.39,14.79,39.98,4.11,88.76,papaya
36.64,10.43,135.86,38.45,71.17,8.69,27.46,mothbeans
34.58,31.15,21.01,33.75,10.52,3.66,22.23,maize
126.88,121.37,53.47,41.12,48.16,8.97,82.83,pigeonpeas
34.94,112.35,159.74,25.73,73.51,5.33,243.81,rice
38.07,54.09,110.74,41.29,60.4,6.55,273.33,cotton
106.32,57.75,190.59,40.3,47.93,4.29,129.7,wheat
62.96,79.7,90.75,25.34,61.57,8.91,177.7,rice
108.74,5.03,178.96,23.34,82.56,8.0,217.69,coffee
9.15,38.77,94.79,42.65,55.31,9.04,286.82,chickpea
68.26,34.15,200.85,35.03,73.98,7.6,275.62,kidneybeans
4.71,40.07,196.97,42.49,88.46,4.61,36.01,wheat
8.77,117.83,70.83,37.89,66.45,5.35,89.49,muskmelon
126.9,44.15,182.18,31.33,55.87,6.42,33.76,mungbean
19.49,31.81,174.52,14.05,13.0,7.14,192.63,watermelon
74.54,75.6,47.14,20.2,39.96,9.06,218.94,pomegranate
57.55,126.19,129.86,43.91,55.24,5.8,106.32,lentil
48.63,38.79,19.54,21.18,73.78,7.72,259.08,maize
125.98,16.0,172.34,13.26,45.05,9.27,146.79,coffee
3.06,54.9,39.91,34.76,86.8,4.41,299.55,pomegranate
92.93,109.67,19.16,35.69,31.74,8.68,20.11,apple
134.88,82.1,85.04,19.99,69.57,6.02,50.66,lentil
78.42,119.35,120.38,20.42,43.52,7.89,104.5,apple
131.16,139.34,175.98,26.41,48.88,5.26,27.14,grapes
7.32,115.97,199.85,10.76,74.2,5.5,239.06,coffee
58.63,89.53,92.9,37.63,33.7,3.66,34.78,rice
36.42,74.07,17.09,21.1,17.74,9.33,229.71,blackgram
102.31,10.61,154.82,39.88,51.62,8.38,34.72,watermelon
137.38,142.81,118.03,38.09,52.3,4.06,90.76,chickpea
35.91,58.69,94.58,33.15,73.77,9.5,255.56,coconut
91.58,26.31,66.85,21.37,87.47,7.13,286.31,cotton
27.73,98.34,105.48,28.07,14.42,8.62,136.07,maize
79.15,44.8,72.74,25.57,57.34,3.9,291.58,coconut
64.95,87.01,156.4,21.86,64.5,5.84,195.53,cotton
136.08,87.15,113.78,39.68,88.86,7.52,136.43,mothbeans
85.19,67.4,180.37,26.92,85.41,4.14,244.78,cotton
48.93,122.06,113.71,39.15,67.0,6.43,102.69,jute
15.97,42.1,52.65,13.68,51.74,6.16,94.42,maize
21.17,67.81,175.22,14.94,22.92,4.8,203.83,jute
31.54,80.28,116.44,44.21,40.73,5.3,129.34,jute
35.14,97.91,46.37,30.57,56.81,9.3,58.06,watermelon
119.09,114.76,129.7,27.84,68.02,5.23,38.75,lentil
78.57,60.27,76.54,28.31,60.83,4.78,240.6,muskmelon
73.27,95.45,173.88,17.53,67.13,6.72,209.26,apple
16.07,26.09,95.66,35.15,44.33,7.53,135.3,coffee
120.42,135.57,150.29,12.97,68.21,7.85,270.94,papaya
101.19,58.63,24.11,30.07,21.5,8.03,135.04,rice
9.47,107.13,84.2,29.98,23.01,3.72,218.88,rice
99.1,7.85,201.65,42.0,23.03,5.86,274.55,cotton
76.1,33.73,166.69,28.42,81.27,8.14,255.4,grapes
11.44,73.19,36.99,14.8,16.08,8.93,163.11,wheat
64.16,127.96,60.55,30.05,74.12,7.11,210.58,wheat
67.86,78.82,70.96,13.2,28.69,3.81,135.83,coconut
23.21,135.18,135.07,17.13,47.47,5.88,201.22,lentil
132.4,72.73,156.4,11.09,83.28,3.95,92.11,watermelon
119.0,73.66,154.91,27.97,56.87,7.99,141.73,watermelon
93.66,21.76,106.97,12.96,26.81,3.88,78.67,mothbeans
64.72,117.37,167.16,26.43,32.73,4.61,30.69,mungbean
57.65,39.58,92.42,42.65,83.64,6.0,184.79,pomegranate
91.14,130.95,29.78,35.19,44.17,6.28,262.04,muskmelon
76.36,132.52,117.89,12.71,56.96,5.94,27.16,coffee
8.72,137.06,195.46,17.85,46.79,6.28,74.89,mothbeans
71.75,77.83,163.6,33.58,40.28,7.78,148.85,coconut
112.9,99.79,120.74,41.31,27.86,5.72,206.45,blackgram
64.29,113.99,134.36,11.15,64.9,6.79,67.94,papaya
7.27,23.34,191.11,38.44,67.46,5.32,35.87,rice
110.08,89.13,90.67,29.66,31.99,5.62,165.33,orange
28.19,9.8,71.28,29.11,73.12,7.18,249.24,mungbean
36.21,74.66,200.45,43.52,78.36,6.44,29.87,mungbean
23.06,26.68,177.69,36.17,83.65,7.84,117.82,jute
46.23,30.61,69.61,39.75,22.9,6.86,205.78,mungbean
105.95,56.11,97.76,22.39,34.31,8.32,56.61,grapes
72.71,65.54,88.02,29.4,78.83,6.16,86.07,wheat
28.68,92.24,34.82,31.54,25.88,6.45,169.94,maize
122.9,15.42,196.56,21.26,10.28,7.52,286.9,mothbeans
123.14,75.52,85.86,29.96,79.67,4.83,100.46,maize
121.88,30.57,180.07,18.28,36.12,5.82,156.51,watermelon
33.43,85.36,42.87,15.02,43.16,7.25,131.98,pomegranate
63.17,94.24,114.57,23.09,45.71,3.67,271.27,wheat
137.9,82.94,9.79,35.88,77.86,6.12,40.13,jute
108.08,108.36,157.84,42.07,37.03,7.09,178.52,orange
3.8,51.99,121.18,26.02,81.38,9.3,256.91,grapes
9.13,112.11,130.12,32.5,59.36,8.76,296.67,orange
64.95,65.59,15.34,13.61,52.18,5.18,215.64,wheat
127.29,72.79,47.21,41.66,36.05,6.54,126.38,chickpea
75.42,95.73,19.87,29.9,29.5,3.84,135.31,grapes
69.69,7.57,62.78,37.31,59.92,4.94,118.47,mothbeans
14.77,96.56,130.49,37.81,45.75,8.15,189.01,watermelon
91.95,91.6,118.24,18.98,82.84,4.24,227.03,pigeonpeas
115.09,48.38,127.43,28.52,49.33,5.05,249.45,kidneybeans
53.26,17.01,114.85,43.62,50.94,9.16,136.65,coconut
108.59,17.73,59.61,13.14,43.34,8.44,220.68,orange
135.03,134.25,53.9,33.91,73.14,8.19,276.54,pomegranate
28.53,101.5,32.41,43.68,43.99,8.69,277.83,mungbean
73.27,22.79,174.81,20.52,31.55,8.0,217.13,banana
40.2,54.94,128.3,40.15,78.96,4.22,198.33,orange
111.0,87.95,42.3,42.68,57.75,6.6,168.83,watermelon
80.86,121.98,40.44,36.15,57.32,6.17,71.3,mungbean
88.84,11.11,179.61,18.1,58.87,5.37,54.62,chickpea
111.71,38.13,153.55,21.69,67.51,8.5,156.0,cotton
55.44,129.56,136.88,11.25,35.05,6.28,64.64,watermelon
128.11,6.28,86.37,39.1,12.71,3.86,181.56,pomegranate
74.62,33.2,57.4,39.74,74.85,5.15,200.8,rice
22.11,139.26,200.89,32.14,20.31,4.87,167.17,wheat
97.43,90.88,164.45,22.34,67.75,8.82,30.2,mungbean
111.06,41.63,65.36,12.69,16.59,7.38,36.16,muskmelon
44.35,14.38,174.51,36.36,40.02,6.86,51.74,rice
120.01,8.95,156.79,35.43,15.04,6.54,63.02,maize
126.86,39.26,64.42,41.94,51.78,7.4,297.17,orange
38.77,128.41,90.31,35.57,62.25,8.03,116.46,muskmelon
137.69,63.23,42.19,39.0,23.71,6.83,101.75,cotton
19.7,105.85,27.21,36.11,39.73,9.13,34.63,coconut
28.28,133.56,149.55,32.07,84.42,9.36,197.89,coconut
25.79,62.13,58.5,24.94,45.39,9.47,202.61,mango
125.16,31.78,169.01,41.57,74.2,7.52,69.13,coconut
91.6,77.4,204.12,32.78,84.17,9.1,277.39,chickpea
21.29,132.13,20.32,23.94,87.95,5.93,244.14,chickpea
61.65,117.61,99.61,12.92,81.87,8.66,84.49,jute
86.14,14.22,165.41,20.17,35.39,8.96,156.04,wheat
11.68,101.96,162.79,29.03,87.01,8.92,148.35,mango
123.54,85.07,157.0,19.65,74.99,8.49,117.59,mango
112.5,132.04,74.8,17.74,76.97,5.94,248.94,coconut
70.73,22.15,95.77,28.46,11.21,4.45,50.59,mothbeans
135.4,79.77,123.99,15.94,86.34,5.5,136.29,mothbeans
58.49,128.12,199.79,38.01,72.25,8.1,139.85,apple
137.78,62.4,70.51,26.95,71.44,4.9,151.24,lentil
93.51,72.48,189.63,30.09,16.52,6.37,261.18,banana
88.85,14.86,58.87,15.16,28.61,6.89,81.09,coffee
23.23,43.94,202.81,21.36,86.98,7.12,48.82,jute
123.47,50.43,139.05,24.35,50.05,9.11,192.99,muskmelon
59.85,137.32,97.7,38.29,41.83,7.47,68.67,wheat
22.71,44.57,127.68,36.96,77.2,8.22,40.98,jute
1.77,69.52,59.51,17.8,16.99,6.99,139.46,cotton
78.37,98.98,59.83,31.57,43.36,8.5,81.5,blackgram
73.84,27.71,27.71,18.52,40.06,5.08,121.14,banana
100.71,73.1,27.81,44.59,37.99,4.76,92.72,apple
124.64,108.4,74.53,43.32,34.62,9.06,45.94,muskmelon
11.12,126.36,157.57,29.71,26.81,7.66,176.9,kidneybeans
102.41,92.68,126.59,34.46,23.83,7.53,27.57,papaya
26.24,98.67,25.52,38.05,61.23,6.3,290.59,apple
120.14,22.68,175.45,35.23,83.55,5.76,115.57,jute
114.67,137.41,125.27,34.49,50.71,6.83,214.64,maize
75.71,23.56,197.17,43.55,33.84,4.22,246.9,apple
99.43,113.45,139.04,30.88,22.73,6.23,98.15,watermelon
44.01,42.07,40.03,32.27,76.41,6.23,229.65,papaya
65.96,135.7,99.76,39.72,87.72,6.73,253.08,watermelon
115.03,105.79,134.7,33.45,37.93,7.31,87.57,orange
64.3,110.53,10.65,35.65,33.28,9.24,297.9,banana
50.09,35.67,7.98,18.2,58.12,7.41,25.79,banana
69.19,67.03,30.88,22.99,72.03,8.8,80.76,maize
115.95,91.49,55.33,15.16,46.43,6.84,238.41,pomegranate
46.93,112.8,90.91,27.7,60.41,7.26,74.36,coffee
24.33,19.55,102.49,25.95,67.32,3.92,215.51,lentil
99.68,139.73,32.61,44.9,86.85,4.3,259.55,jute
115.64,129.63,139.68,31.39,23.2,6.98,288.58,watermelon
14.09,42.85,124.23,37.53,89.79,5.87,152.79,coffee
33.58,120.19,63.89,21.69,41.37,8.29,291.91,pomegranate
19.88,77.57,7.73,39.1,67.86,6.76,135.25,coffee
48.71,69.65,20.53,31.53,55.79,8.79,81.08,rice
63.05,49.02,83.34,34.39,48.93,9.33,163.9,coconut
104.84,86.34,35.79,20.31,65.85,4.39,201.95,chickpea
91.16,107.18,80.36,29.2,41.66,5.87,148.23,cotton
86.93,62.53,130.64,32.19,20.09,7.49,178.75,cotton
49.33,93.09,114.45,30.62,49.11,5.33,136.59,mungbean
117.8,102.9,51.24,42.03,51.75,5.1,166.93,coconut
65.98,104.56,73.76,41.44,26.15,8.38,286.73,mango
137.07,12.28,127.81,43.98,84.85,9.38,159.95,apple
88.78,125.36,177.17,33.36,28.2,8.14,90.89,watermelon
17.68,69.16,155.64,44.02,42.74,6.64,232.45,cotton
94.66,41.74,115.68,39.14,22.39,6.16,114.52,rice
45.51,38.85,77.46,19.48,52.86,6.74,248.54,maize
96.09,72.62,78.01,24.96,34.61,6.28,35.92,cotton
9.75,129.16,180.88,18.34,49.14,6.52,113.01,coffee
24.48,57.97,12.85,10.15,27.97,4.72,46.42,apple
119.8,109.96,202.6,16.58,14.3,8.92,43.89,jute
31.81,18.55,137.88,10.14,72.34,8.03,204.35,jute
117.19,71.65,141.23,35.19,61.29,7.59,127.89,chickpea
39.1,143.84,12.6,24.89,37.26,9.2,264.01,mungbean
90.0,112.86,126.11,20.94,13.8,5.21,164.59,watermelon
97.18,34.47,101.96,36.66,79.25,3.99,102.7,mungbean
71.77,75.2,26.16,39.14,23.58,8.46,221.85,grapes
42.74,37.71,60.58,44.14,84.46,9.49,194.72,pigeonpeas
29.77,62.34,183.06,32.47,48.29,6.97,243.89,jute
4.65,114.21,115.0,26.15,37.23,3.85,200.2,watermelon
42.55,112.97,87.68,20.68,69.34,8.18,66.76,coconut
91.44,36.93,19.54,17.78,80.15,3.94,207.69,jute
131.36,134.11,147.82,17.45,39.66,6.74,129.63,blackgram
121.97,87.96,145.57,24.32,42.59,5.17,149.68,coffee
107.25,58.19,127.81,44.71,44.65,8.99,278.04,kidneybeans
110.38,75.27,107.05,10.03,83.79,6.21,120.79,mango
93.1,89.71,91.76,16.9,65.41,8.89,191.35,mothbeans
36.44,83.38,123.65,16.59,29.81,5.29,121.77,apple
127.01,73.1,51.68,35.1,24.8,5.82,46.52,mungbean
93.9,75.69,193.25,22.34,28.43,9.18,146.99,kidneybeans
78.46,29.7,122.76,26.0,31.09,4.71,187.18,coffee
15.54,118.78,67.24,15.2,28.41,6.97,134.1,mothbeans
62.59,80.85,94.94,24.17,62.68,5.83,129.39,mungbean
64.45,23.35,166.14,13.61,19.27,8.15,249.71,mothbeans
121.04,112.26,37.32,28.66,40.99,4.28,28.31,jute
76.53,135.54,63.57,13.43,60.0,6.12,102.76,banana
53.26,137.62,140.9,37.67,33.27,7.69,247.29,pigeonpeas
136.75,56.66,68.1,29.83,15.22,5.94,277.75,cotton
15.5,23.97,163.5,35.34,16.55,3.85,135.44,cotton
59.16,77.58,31.09,24.65,20.08,7.73,268.86,chickpea
5.88,20.77,157.54,23.35,76.87,6.52,75.7,coffee
103.59,135.76,18.67,13.44,62.63,3.57,82.0,maize
128.53,30.7,7.52,28.33,15.16,7.18,256.93,kidneybeans
39.21,40.39,184.64,28.01,41.29,9.02,272.91,papaya
120.17,61.93,121.27,26.38,32.29,4.17,82.39,mungbean
40.91,58.64,75.37,35.92,56.24,7.04,36.61,kidneybeans
127.51,116.25,51.52,39.14,51.82,7.87,45.29,mango
105.55,68.88,128.38,36.28,48.49,3.92,93.19,lentil
112.69,28.91,106.8,15.04,35.16,3.64,233.21,pigeonpeas
2.52,42.41,203.32,31.77,21.02,6.29,162.8,rice
134.79,76.28,201.64,12.81,69.39,8.25,147.56,pomegranate
101.73,25.64,132.0,34.31,80.39,4.46,183.56,coconut
42.67,90.63,93.57,23.36,85.53,8.52,269.26,blackgram
116.12,84.2,103.23,14.64,14.69,7.44,45.32,muskmelon
39.41,105.06,141.5,40.17,69.19,5.49,214.52,watermelon
122.19,136.28,25.31,31.49,68.12,6.59,279.5,kidneybeans
15.76,132.72,70.67,22.42,85.77,9.29,79.74,watermelon
98.52,137.45,20.05,11.08,30.23,4.8,254.58,rice
75.7,39.26,19.67,28.81,69.37,6.5,215.45,watermelon
13.51,23.42,44.17,42.31,14.37,7.25,24.05,chickpea
33.87,47.32,102.05,30.87,60.5,4.33,84.85,muskmelon
1.74,130.31,161.95,44.01,38.07,3.76,189.64,jute
65.63,141.09,102.1,14.78,71.51,3.58,160.67,mothbeans
42.18,125.31,72.1,29.89,79.06,5.45,167.82,coffee
83.77,20.4,21.47,37.93,39.19,3.94,84.94,mungbean
41.61,137.64,115.06,28.39,52.05,8.32,209.0,cotton
41.99,64.27,59.25,13.19,19.39,9.48,94.6,jute
104.05,6.3,127.99,30.4,43.35,3.87,129.04,wheat
6.74,66.94,200.44,31.41,38.86,6.1,123.3,banana
126.41,11.45,27.26,35.5,24.65,3.65,208.17,wheat
119.32,81.14,47.43,36.64,81.56,4.3,45.27,grapes
93.49,52.4,99.62,36.98,21.85,5.44,77.55,papaya
83.05,71.28,198.72,33.22,60.86,5.86,76.14,coconut
124.92,90.84,159.36,17.55,81.21,9.14,50.36,pigeonpeas
25.95,126.63,184.65,24.15,82.96,5.88,78.13,jute
11.06,97.67,71.74,37.16,73.46,6.48,189.98,papaya
33.53,65.77,203.41,43.37,24.09,4.97,225.01,apple
111.24,119.72,25.57,12.76,75.39,3.5,204.88,maize
4.85,131.78,15.59,28.74,32.13,8.9,153.05,coconut
81.59,21.77,176.12,20.94,83.79,3.99,34.68,lentil
139.36,79.47,190.45,17.89,66.73,9.29,288.52,mango
119.8,44.83,23.12,27.7,72.82,4.29,67.06,coconut
73.0,11.59,27.69,31.21,16.8,7.13,207.16,coffee
8.91,98.6,11.63,10.34,56.62,9.5,275.61,orange
116.39,125.79,25.9,37.31,75.69,4.33,215.38,papaya
83.86,27.81,46.88,38.7,78.93,6.04,81.05,apple
16.09,118.74,199.02,43.79,12.29,8.18,108.42,mungbean
13.14,124.48,138.57,16.32,85.13,3.69,28.46,orange
127.35,133.01,160.71,30.81,13.47,7.64,191.57,mothbeans
93.69,42.14,160.23,24.93,59.16,3.98,191.64,coffee
116.1,131.55,112.01,21.72,65.47,4.92,223.14,pomegranate
123.06,49.89,164.5,29.8,18.59,4.46,23.08,maize
80.05,82.33,124.16,37.38,13.84,8.94,249.0,wheat
72.44,12.07,67.91,10.81,72.79,4.58,226.84,papaya
60.26,11.14,117.22,43.93,40.77,3.74,59.45,pomegranate
44.37,105.85,111.7,38.35,18.57,7.03,117.34,mungbean
60.84,67.23,169.69,36.29,71.01,5.58,198.79,pomegranate
108.34,40.88,201.35,36.61,77.93,5.93,158.82,wheat
84.27,31.66,87.21,23.62,56.99,4.21,52.23,banana
124.95,98.79,157.68,36.31,22.9,7.99,44.46,blackgram
62.07,5.06,24.95,23.54,11.22,7.11,238.81,pigeonpeas
84.99,117.82,160.37,41.45,66.06,5.69,63.67,banana
88.38,16.09,79.28,16.2,54.01,4.53,68.19,orange
82.84,31.81,12.88,20.23,62.06,7.06,252.66,kidneybeans
98.37,59.07,77.65,29.3,75.05,8.17,191.4,jute
33.24,72.88,127.13,21.17,44.74,5.37,189.32,apple
71.73,54.7,28.85,24.85,19.96,3.66,154.22,muskmelon
14.59,49.9,189.81,27.23,85.2,4.79,179.32,banana
53.83,139.95,20.53,39.97,53.62,7.59,188.5,wheat
68.27,94.82,191.0,28.31,59.22,9.43,290.99,muskmelon
91.31,8.28,146.43,22.69,84.67,3.58,82.43,rice
133.07,65.22,70.94,18.67,84.53,5.34,80.08,coconut
84.09,127.5,83.15,24.3,55.77,3.87,36.02,wheat
104.1,47.2,153.16,28.05,33.81,5.4,204.3,mango
70.88,18.24,125.29,36.11,89.77,5.94,173.73,muskmelon
88.77,111.17,139.33,14.24,64.47,9.03,51.15,rice
9.93,89.84,82.83,17.76,42.67,3.98,122.07,papaya
35.61,84.84,102.56,23.29,54.79,8.16,70.03,chickpea
50.66,12.5,202.97,22.61,43.27,5.87,112.81,coconut
66.15,24.67,47.78,23.71,81.06,8.37,286.35,maize
6.39,92.16,88.57,37.77,48.6,6.58,211.33,wheat
19.6,34.1,63.36,21.35,75.88,3.74,22.12,banana
38.75,75.57,158.02,27.57,77.21,9.18,90.7,mango
136.01,81.28,157.8,31.84,75.95,4.0,22.9,orange
46.39,44.69,63.49,18.13,67.78,7.09,220.16,kidneybeans
67.49,137.78,21.28,35.15,78.39,8.77,151.44,coffee
27.45,122.94,7.29,29.15,40.98,3.98,298.33,banana
85.51,106.13,90.49,25.64,19.17,6.82,225.4,papaya
39.3,15.92,87.07,38.34,77.4,8.45,165.02,rice
28.98,19.86,202.68,18.52,49.85,9.42,245.32,blackgram
72.32,73.99,98.96,40.91,20.19,7.85,217.35,rice
0.77,27.5,56.28,29.64,19.23,5.17,88.26,orange
1.07,141.96,183.25,31.32,22.74,7.7,168.47,coffee
30.67,27.19,103.21,40.63,70.08,7.73,175.68,maize
5.14,73.25,124.84,38.62,66.87,7.7,146.34,pigeonpeas
15.12,55.98,24.13,31.05,26.31,8.63,70.17,jute
47.44,94.51,81.58,36.36,77.75,4.02,82.54,chickpea
112.36,23.07,193.84,25.17,32.5,4.15,98.69,banana
80.09,65.24,122.9,29.16,73.44,7.34,22.87,banana
71.77,43.46,73.9,12.17,49.1,9.22,276.74,kidneybeans
41.09,129.29,130.13,13.15,68.52,6.3,212.11,coffee
130.45,10.68,187.08,39.03,40.51,9.26,213.09,cotton
55.58,132.92,59.8,12.09,37.77,9.13,180.25,mango
12.19,121.62,106.02,15.93,77.31,8.92,213.01,banana
86.39,46.66,196.74,37.85,12.82,8.96,294.92,chickpea
15.94,115.5,39.48,10.04,87.98,8.89,127.84,pigeonpeas
48.33,9.37,148.93,19.88,61.85,8.42,219.51,papaya
71.04,140.36,127.9,30.44,44.6,7.67,120.67,pigeonpeas
122.39,78.72,140.94,30.84,60.24,3.65,259.2,pigeonpeas
69.1,47.46,75.24,37.2,19.82,4.29,260.25,pomegranate
98.32,55.76,67.78,27.71,51.12,4.31,272.63,jute
138.99,14.3,141.84,27.83,88.81,3.64,21.53,grapes
18.41,143.51,48.11,35.39,28.82,4.2,103.49,maize
38.46,10.5,88.93,27.45,67.78,9.02,57.5,mungbean
55.24,96.69,42.63,31.3,44.8,7.48,147.12,chickpea
59.06,66.98,6.66,41.42,62.2,5.37,158.73,muskmelon
57.54,137.85,199.01,24.05,26.39,8.26,91.65,orange
127.07,39.44,91.34,23.48,47.64,6.43,222.57,mothbeans
99.96,79.49,198.87,10.12,88.41,4.35,95.54,pomegranate
85.11,72.53,33.06,31.47,25.62,8.81,259.09,mungbean
43.31,103.4,122.47,11.04,60.92,5.53,69.74,coconut
115.33,14.52,45.19,27.65,56.05,7.69,122.83,pigeonpeas
133.71,32.13,163.01,38.15,55.2,5.24,194.23,muskmelon
114.97,35.04,161.74,29.25,59.21,6.5,189.49,kidneybeans
0.22,108.34,27.52,19.44,50.18,8.4,41.85,pigeonpeas
89.1,31.48,187.41,37.52,11.35,4.44,256.95,pigeonpeas
7.16,85.29,43.93,19.44,82.01,9.36,187.46,wheat
36.07,35.13,127.6,35.66,76.16,3.92,263.56,mothbeans
8.33,125.63,202.13,31.36,23.93,6.7,262.94,blackgram
84.53,136.91,181.48,15.95,43.06,9.0,172.86,watermelon
96.12,77.59,196.31,41.68,71.64,9.17,275.02,cotton
16.03,54.32,73.52,17.02,88.4,4.89,257.55,grapes
53.74,37.77,26.12,44.64,86.09,4.36,288.27,cotton
63.87,11.97,42.67,10.26,81.95,7.85,258.14,mango
51.67,42.59,105.1,19.22,22.67,3.75,249.94,kidneybeans
16.94,96.59,163.65,17.0,83.16,6.41,151.42,apple
58.65,79.71,35.03,10.49,80.28,8.28,79.37,kidneybeans
105.16,137.17,136.95,35.63,40.16,6.86,275.0,maize
9.94,60.48,69.72,34.27,41.56,4.63,222.31,blackgram
11.23,102.14,73.24,37.73,46.79,6.42,98.89,blackgram
49.67,73.51,137.38,18.98,62.49,9.03,115.48,jute
131.84,76.76,98.4,25.55,30.87,7.2,212.1,chickpea
93.6,42.49,167.41,33.07,11.84,7.83,153.79,coconut
95.01,68.69,36.18,25.39,21.3,5.52,42.82,pomegranate
50.67,70.91,162.99,34.41,45.21,4.63,59.61,apple
83.11,103.93,17.85,32.19,32.56,5.03,228.78,grapes
1.42,136.69,43.81,14.01,71.16,6.7,112.0,lentil
89.05,51.1,136.23,37.34,18.54,5.18,162.14,kidneybeans
127.86,10.91,175.99,35.22,83.4,6.75,234.65,cotton
85.76,74.48,55.54,32.95,81.63,7.75,230.33,cotton
122.32,81.22,70.44,15.43,82.7,7.91,66.76,apple
101.36,28.58,112.42,19.38,69.17,4.49,47.55,muskmelon
16.88,111.47,47.31,23.76,18.56,8.0,185.52,rice
126.34,142.89,167.23,19.8,45.05,7.54,227.66,lentil
9.3,137.41,159.73,17.97,20.51,3.57,61.73,banana
74.76,32.59,34.06,38.19,89.02,3.85,124.15,orange
19.9,127.55,97.77,32.34,36.64,7.38,263.68,rice
1.64,103.63,159.97,29.79,56.83,5.8,284.38,banana
59.08,68.54,72.47,17.91,72.35,4.38,147.14,coconut
41.31,80.69,131.62,42.13,83.65,3.77,42.26,pigeonpeas
68.04,123.94,15.04,16.69,70.44,4.46,92.16,mungbean
80.81,72.22,126.74,37.82,63.96,9.25,85.23,grapes
6.12,57.25,35.53,43.83,47.28,7.87,86.91,kidneybeans
17.22,74.05,171.12,35.45,58.43,6.67,158.29,jute
78.21,86.08,76.09,44.75,17.53,9.15,183.3,chickpea
48.04,31.47,61.31,32.79,80.71,7.21,54.3,jute
102.08,131.13,173.18,17.61,53.5,7.85,269.02,muskmelon
91.32,99.39,15.03,17.13,13.21,5.2,193.59,pigeonpeas
118.38,93.66,84.32,21.36,83.59,7.03,187.23,maize
96.95,18.93,79.0,10.25,49.14,4.36,296.44,chickpea
60.19,89.58,61.96,33.86,79.49,5.93,195.88,jute
94.22,21.93,187.35,19.4,78.55,3.7,280.11,mungbean
38.55,16.02,155.19,38.53,75.26,4.8,100.15,grapes
42.88,78.82,17.78,22.57,14.91,3.95,87.24,mothbeans
110.46,61.39,147.94,26.8,29.77,5.83,164.63,chickpea
62.5,87.43,110.46,43.8,80.04,8.56,162.41,papaya
111.77,17.49,185.17,18.48,81.92,5.77,83.42,pomegranate
115.14,65.34,67.59,35.24,46.65,8.49,215.9,watermelon
120.06,29.47,119.83,36.43,45.2,7.44,28.3,muskmelon
128.33,143.19,105.15,17.73,24.01,6.56,213.38,pigeonpeas
60.34,83.56,102.91,27.53,87.47,4.92,148.01,banana
44.64,101.24,96.22,22.26,27.05,9.03,212.92,mungbean
81.51,50.56,46.13,37.02,25.27,3.83,153.58,lentil
51.96,18.26,156.14,31.79,62.86,7.63,293.65,pomegranate
84.15,141.62,95.27,26.66,29.43,7.23,113.71,blackgram
98.78,45.08,196.7,37.28,85.1,6.15,295.12,apple
96.38,64.33,57.16,18.23,10.87,4.94,38.19,grapes
52.44,95.98,141.55,36.38,10.46,6.08,211.45,maize
23.36,8.46,193.14,40.29,50.39,8.74,147.18,blackgram
60.27,118.44,137.69,40.75,49.04,8.52,250.2,coconut
19.96,80.12,179.25,37.43,23.07,9.15,241.09,orange
124.61,43.95,170.5,24.28,49.56,5.35,244.06,apple
48.42,13.63,77.02,44.36,42.93,5.82,46.53,kidneybeans
21.62,27.75,125.02,23.29,81.23,3.61,250.26,coconut
3.56,130.3,36.25,32.35,10.74,9.16,79.93,cotton
90.42,101.04,112.11,15.64,88.1,5.48,27.19,cotton
89.17,39.99,51.08,44.32,59.95,5.92,80.97,pigeonpeas
47.68,14.18,153.75,34.64,22.15,8.95,154.2,maize
10.04,101.69,110.61,36.37,13.74,6.66,227.79,muskmelon
57.35,85.14,87.25,12.3,53.05,6.9,81.22,watermelon
43.57,61.63,58.76,36.72,28.79,4.56,51.64,mungbean
94.8,55.91,204.74,37.12,34.09,6.49,200.87,blackgram
84.81,35.35,19.34,33.51,29.61,9.01,295.49,chickpea
51.04,98.75,13.71,20.22,62.01,6.85,188.24,mango
30.5,140.89,48.45,27.14,54.28,5.03,213.5,maize
138.33,29.6,199.21,13.87,16.24,3.69,177.13,cotton
63.56,88.6,200.85,26.51,52.12,5.52,239.06,mothbeans
96.36,64.39,135.99,18.53,73.3,6.94,293.23,muskmelon
19.68,67.54,181.02,22.22,16.5,3.76,172.36,apple
67.98,40.58,47.79,15.69,81.18,7.16,136.7,apple
3.86,120.52,199.41,18.05,56.26,6.64,260.9,papaya
70.76,72.94,33.56,12.68,86.05,8.2,291.52,coconut
134.96,81.08,25.23,42.2,21.85,3.67,56.17,apple
53.79,47.67,27.44,28.56,89.49,8.19,181.89,wheat
5.46,30.45,119.63,23.89,61.54,6.63,241.89,kidneybeans
4.33,17.03,161.19,28.73,55.4,5.72,169.34,muskmelon
54.32,104.98,78.33,31.99,51.22,9.29,134.58,jute
22.4,32.47,200.58,42.27,11.89,4.46,203.46,pomegranate
3.27,101.61,91.88,16.25,85.17,6.75,95.64,jute
105.87,59.65,35.09,20.34,61.52,5.43,117.76,pigeonpeas
64.19,63.21,98.19,44.15,17.33,6.66,297.84,pomegranate
40.49,70.68,140.81,22.99,11.68,6.81,198.21,rice
126.01,56.48,171.45,10.79,14.06,4.04,264.42,papaya
16.26,19.09,96.75,15.17,58.75,7.47,246.18,maize
133.83,48.35,123.72,10.92,59.12,7.31,202.64,mungbean
43.96,97.92,58.47,44.65,49.97,8.12,255.4,jute
124.38,98.21,134.18,19.76,34.54,4.04,100.4,orange
84.41,45.07,202.19,42.32,52.54,5.28,198.39,mango
115.74,69.41,14.81,44.86,51.3,7.4,185.37,rice
137.76,32.08,182.31,30.99,11.55,4.32,194.28,coconut
40.38,34.45,117.46,11.16,32.6,7.57,67.22,apple
134.56,8.23,55.42,12.86,14.25,3.85,97.63,kidneybeans
54.53,130.54,195.98,26.86,82.01,5.51,100.26,banana
53.97,34.5,101.67,24.22,68.02,8.58,188.54,pomegranate
47.65,36.85,71.34,31.22,89.69,8.15,292.31,orange
75.8,44.14,41.3,25.36,34.17,7.37,287.14,mungbean
21.58,22.84,53.89,42.69,80.28,8.72,83.61,jute
77.52,94.5,171.57,28.72,58.24,7.76,105.36,mango
75.84,15.52,127.88,34.28,46.25,6.62,30.1,wheat
106.67,23.79,187.65,41.38,27.81,9.38,131.67,coffee
116.71,95.27,51.39,15.14,69.07,7.67,253.71,muskmelon
61.66,52.55,29.23,18.04,82.33,7.11,276.41,banana
42.33,104.11,6.22,13.76,28.82,5.95,86.22,mungbean
36.31,83.04,106.57,14.89,24.03,8.91,94.42,chickpea
27.25,40.84,204.66,27.94,65.7,5.27,81.84,grapes
8.07,96.12,143.99,21.24,88.16,3.56,118.03,blackgram
47.94,21.28,66.68,24.81,70.0,4.68,245.33,pomegranate
37.83,80.1,180.37,44.39,32.77,4.16,201.12,muskmelon
135.3,66.2,161.34,15.48,43.6,5.41,240.06,pigeonpeas
78.08,42.5,8.08,28.93,40.75,8.46,183.25,banana
48.62,89.56,168.37,13.46,78.17,7.41,92.17,papaya
81.27,126.99,65.11,21.15,71.71,4.51,83.84,muskmelon
19.49,144.85,34.93,28.46,57.12,8.23,22.52,mango
62.17,90.09,50.27,43.13,32.0,6.53,238.67,chickpea
87.67,61.66,98.72,23.69,85.04,6.58,257.19,banana
68.45,36.53,89.97,12.27,62.27,5.67,235.12,chickpea
56.25,40.99,62.78,23.59,87.64,8.69,40.83,apple
139.14,72.12,39.44,15.1,56.41,5.41,233.42,grapes
123.24,56.42,157.45,18.05,75.7,4.06,32.81,apple
87.28,132.93,203.02,31.63,75.05,5.32,49.57,rice
79.71,56.56,160.56,12.36,36.99,7.79,143.33,coconut
86.89,57.28,64.19,26.27,87.12,7.45,153.32,rice
28.18,58.69,53.96,31.33,11.76,4.63,248.51,jute
55.32,122.13,48.53,24.77,71.5,4.17,210.27,wheat
5.52,96.11,32.34,10.67,87.24,7.47,62.93,apple
66.58,90.98,115.27,44.49,37.11,7.56,83.32,coffee
76.02,51.78,126.08,22.85,61.85,5.7,99.99,jute
31.88,119.51,146.1,37.25,54.98,8.56,54.63,rice
134.96,10.37,141.04,21.4,70.92,9.37,100.54,banana
127.32,126.91,63.47,26.63,79.29,4.73,224.01,mango
101.1,76.78,71.06,23.6,58.24,6.96,87.59,grapes
74.67,60.76,141.3,21.99,75.27,3.53,253.9,lentil
121.8,74.6,74.89,10.76,34.98,7.78,151.46,banana
18.29,98.44,47.52,22.6,28.29,5.99,110.42,jute
110.67,6.79,79.87,41.13,44.45,4.66,135.48,orange
17.47,127.02,59.42,34.16,64.22,8.01,218.66,mothbeans
111.19,67.54,22.66,15.09,24.98,8.36,164.7,papaya
38.61,53.02,171.03,30.69,64.43,4.17,22.04,watermelon
122.79,24.35,175.62,41.23,41.53,3.75,278.25,mothbeans
132.17,66.53,48.95,34.5,73.65,5.5,38.48,grapes
20.83,74.49,17.95,15.2,12.95,7.26,282.81,blackgram
64.77,61.51,152.77,40.37,63.44,8.26,27.88,kidneybeans
137.34,100.01,47.31,20.55,61.99,6.78,235.87,rice
67.68,63.93,83.69,25.89,85.27,6.98,169.71,muskmelon
120.9,139.6,17.83,28.41,67.07,8.3,161.6,kidneybeans
82.42,88.9,50.25,39.77,73.7,6.67,40.38,mungbean
52.55,118.05,163.58,42.61,82.37,7.17,86.85,papaya
40.01,20.31,165.88,42.54,64.0,6.6,237.71,coconut
28.45,60.62,46.42,10.28,33.21,8.78,269.55,banana
106.65,52.16,72.18,42.27,79.58,4.91,168.15,mungbean
54.12,84.73,31.85,11.9,69.81,5.08,118.94,mungbean
71.58,125.56,19.83,19.3,43.96,4.27,36.78,coffee
68.93,15.97,203.43,28.02,66.84,8.42,211.01,pigeonpeas
80.82,15.16,136.12,26.8,79.42,5.97,97.97,coconut
121.18,124.04,113.42,31.16,88.05,5.59,35.4,blackgram
137.3,34.8,158.1,26.78,86.19,9.39,206.44,wheat
57.06,98.63,173.02,42.7,36.03,9.06,156.0,orange
115.85,81.0,166.34,18.42,43.74,9.33,23.35,rice
107.03,121.61,8.31,19.59,18.76,4.35,51.06,pomegranate
80.29,22.51,42.36,42.23,29.8,8.85,215.78,watermelon
133.85,23.17,135.98,12.69,80.59,5.47,37.83,banana
28.07,82.95,80.15,31.33,38.87,3.58,262.47,maize
15.3,137.49,201.5,33.86,59.64,5.85,107.17,papaya
119.55,63.1,138.08,27.69,63.28,6.56,44.83,coconut
61.48,50.77,196.31,34.3,72.55,4.15,232.73,papaya
118.58,89.94,45.29,16.05,24.62,6.73,166.84,lentil
125.03,135.26,177.79,39.84,34.39,8.42,105.86,muskmelon
8.74,122.17,69.27,14.9,45.87,5.77,133.71,pigeonpeas
123.69,144.37,202.91,24.03,39.19,5.62,26.0,blackgram
62.76,8.16,36.54,12.63,88.63,5.53,205.56,mungbean
71.46,20.8,108.27,29.08,76.8,9.04,122.42,jute
87.72,90.33,163.57,33.44,48.37,3.79,219.93,muskmelon
129.69,119.88,91.53,42.94,80.34,6.17,195.89,mungbean
2.68,44.93,98.62,35.88,37.81,5.09,202.35,jute
66.76,38.49,202.27,28.94,72.87,8.86,242.01,orange
96.28,115.18,90.06,42.64,27.89,4.08,196.72,kidneybeans
101.18,12.89,125.81,26.75,71.79,5.97,137.24,coconut
96.95,56.71,15.91,29.64,46.52,5.94,129.18,banana
18.82,75.81,173.44,30.86,18.6,8.83,53.48,pigeonpeas
41.92,83.45,134.63,24.35,31.86,4.79,238.24,wheat
50.22,107.01,85.8,39.35,42.18,7.37,233.11,chickpea
112.62,54.68,8.23,16.48,69.94,4.31,88.96,muskmelon
39.03,90.78,123.33,29.42,15.84,9.22,261.55,grapes
29.5,86.95,7.53,35.28,62.76,7.06,184.92,apple
134.04,81.67,5.24,41.64,67.28,7.26,154.03,papaya
1.24,94.67,128.22,40.94,62.31,6.1,24.9,chickpea
139.69,41.32,42.8,27.81,70.85,5.55,127.17,orange
94.75,16.85,43.38,32.51,24.25,4.78,199.39,banana
115.99,21.7,135.65,23.8,56.97,7.12,45.13,wheat
41.25,36.44,15.74,26.39,85.29,9.23,148.68,pigeonpeas
2.0,75.03,67.68,41.72,58.86,5.66,298.16,pigeonpeas
103.3,122.66,34.89,42.57,58.91,8.8,220.63,maize
116.78,103.18,121.04,41.34,68.92,4.39,173.12,mungbean
103.67,115.47,137.35,14.84,36.66,9.12,169.25,banana
20.0,54.14,149.23,39.75,66.04,5.6,32.25,maize
105.48,61.65,56.05,43.19,83.3,5.78,288.05,wheat
107.65,60.12,22.85,22.64,10.87,6.28,279.89,cotton
92.2,31.86,20.74,28.15,79.61,7.81,211.07,coffee
107.26,13.57,90.23,37.27,27.49,7.82,47.72,rice
118.43,87.73,194.17,29.67,46.47,6.38,78.19,orange
85.9,143.49,48.55,44.77,78.19,6.64,71.49,orange
12.4,28.36,56.35,25.95,75.91,3.68,165.48,mungbean
68.27,11.54,25.18,34.99,81.35,5.33,78.19,jute
10.87,114.13,126.11,37.74,85.23,5.58,214.82,grapes
57.06,40.36,140.97,27.29,45.77,6.85,172.66,mango
56.99,121.15,133.59,39.99,62.51,6.85,24.94,watermelon
9.24,103.55,177.23,29.12,41.24,7.76,228.34,watermelon
48.83,137.39,102.29,24.41,38.06,7.8,72.87,mango
15.54,62.25,31.89,13.77,44.53,4.91,250.97,chickpea
113.15,97.68,62.88,23.77,69.45,8.12,119.41,chickpea
132.68,70.08,137.49,35.69,50.12,3.62,114.81,kidneybeans
10.12,93.28,127.62,42.25,75.12,7.8,23.31,maize
133.72,67.94,111.2,18.81,69.62,4.11,296.56,banana
73.16,31.41,141.59,22.43,11.64,7.88,191.36,coconut
41.94,76.11,132.48,15.39,60.42,6.66,138.36,banana
10.76,79.0,181.26,34.18,44.93,6.12,47.05,coconut
70.09,118.48,122.2,43.61,46.53,7.64,215.76,mothbeans
111.23,107.97,160.72,32.43,75.47,3.72,99.16,mothbeans
98.99,97.93,54.74,31.6,53.81,4.84,296.72,rice
7.03,20.87,140.64,29.37,80.85,7.2,286.15,banana
10.21,105.89,185.44,13.1,67.02,8.58,225.88,maize
56.4,75.04,82.15,35.53,54.23,5.79,291.9,watermelon
41.34,130.17,160.82,31.07,70.36,5.05,49.58,blackgram
32.53,133.78,149.96,33.15,13.07,6.61,98.38,jute
39.34,12.72,16.91,41.46,12.17,7.23,90.91,jute
112.49,119.89,121.3,37.44,16.67,6.02,40.16,coconut
130.09,10.28,31.04,37.33,45.01,8.76,292.22,blackgram
56.71,56.4,198.46,42.45,28.84,6.64,36.79,grapes
126.86,80.92,167.28,44.65,88.74,3.71,259.87,maize
45.01,25.73,26.94,30.34,53.38,4.84,235.09,mungbean
66.7,109.48,29.35,13.81,62.99,6.2,125.24,pigeonpeas
31.64,6.17,123.89,26.07,32.31,7.69,25.27,banana
89.67,28.6,73.98,37.57,35.74,4.82,21.71,wheat
137.06,86.31,11.98,10.97,36.84,9.36,77.12,maize
84.49,105.01,113.33,11.99,65.9,5.41,158.29,grapes
50.09,133.33,82.57,12.35,47.9,6.69,148.21,apple
90.69,103.77,25.22,35.59,51.41,3.61,183.88,maize
17.21,99.05,165.38,27.54,57.36,8.81,236.15,chickpea
124.41,60.21,188.02,22.91,71.5,8.23,125.66,watermelon
70.43,5.18,156.32,13.7,17.23,4.67,64.9,jute
62.91,21.82,169.48,35.63,72.15,9.1,244.01,mothbeans
82.02,79.84,48.3,21.24,55.06,5.4,113.15,papaya
87.47,99.52,57.71,19.29,63.53,7.65,100.33,grapes
10.05,63.44,46.71,32.83,36.2,8.41,234.01,muskmelon
95.57,107.3,158.01,29.57,42.75,7.95,281.56,mango
33.87,78.06,194.58,22.68,28.49,9.01,276.19,coffee
99.95,15.38,148.37,32.45,88.34,8.69,58.48,coconut
115.15,31.88,181.29,19.49,49.76,9.47,160.88,apple
112.55,122.6,132.74,37.82,89.69,4.6,46.0,apple
77.35,106.49,82.53,18.03,49.18,5.33,289.07,lentil
72.82,130.27,90.15,15.56,27.58,7.32,80.26,mothbeans
20.0,21.46,20.06,37.39,50.6,7.9,75.28,coconut
108.55,143.63,11.29,34.78,13.17,6.71,268.89,apple
38.0,34.32,144.1,16.39,82.38,3.94,291.0,jute
69.54,6.65,92.69,14.07,75.48,8.55,215.34,banana
39.8,144.64,115.44,39.34,68.07,9.27,53.88,pomegranate
18.74,44.35,116.53,37.18,58.79,5.93,156.04,lentil
88.14,98.52,60.48,21.45,56.39,4.85,248.65,coffee
7.61,29.74,100.18,33.04,89.74,3.62,180.29,jute
104.81,86.23,99.15,14.35,32.24,4.92,57.13,jute
44.46,131.56,82.69,27.75,72.37,7.7,68.13,mungbean
0.02,49.83,169.14,10.66,56.51,8.97,261.96,watermelon
71.56,98.84,95.23,23.71,88.07,4.06,167.57,jute
6.56,31.31,125.73,12.62,76.22,6.82,217.63,orange
38.66,92.47,184.1,26.63,89.88,7.67,124.46,coffee
98.98,52.1,178.25,24.76,57.07,5.16,169.1,mango
8.78,34.57,183.08,25.55,26.36,6.92,293.59,muskmelon
117.51,48.85,59.0,11.59,50.29,7.79,112.32,mango
0.53,30.04,12.0,22.66,66.89,8.53,208.94,chickpea
34.56,131.27,57.21,36.48,71.95,6.21,68.3,pomegranate
103.73,60.61,60.74,22.91,10.04,7.99,54.09,papaya
44.28,39.34,186.87,35.03,50.4,5.31,239.42,mungbean
14.26,67.78,134.85,22.93,28.82,4.78,256.35,lentil
50.43,49.88,21.34,24.81,79.99,4.62,207.13,banana
37.86,109.22,32.08,29.74,22.23,5.65,64.29,cotton
117.98,140.97,36.14,43.27,63.32,3.72,87.36,coconut
43.87,66.32,131.08,13.81,31.28,5.2,275.13,pomegranate
110.45,125.54,152.08,11.15,38.52,7.41,100.84,coconut
124.86,84.22,176.93,31.28,85.24,7.39,249.28,cotton
60.73,27.01,193.13,43.22,29.24,3.94,100.06,chickpea
127.39,101.69,45.34,44.64,17.6,5.22,283.05,papaya
52.82,76.88,66.95,26.95,15.54,6.92,276.05,coconut
134.97,96.08,53.06,26.38,50.37,5.41,32.11,lentil
12.5,129.56,76.75,32.57,61.34,6.01,235.72,watermelon
96.18,66.66,187.93,29.45,36.18,7.78,67.45,mango
69.13,131.16,120.02,32.19,65.22,3.56,80.28,mango
54.27,110.09,152.64,40.59,14.88,5.16,148.76,cotton
88.58,73.4,103.02,36.12,78.59,4.35,181.37,orange
98.54,89.45,10.77,27.39,75.33,4.27,111.22,mothbeans
0.61,50.58,17.84,26.17,88.84,9.25,181.11,grapes
23.37,142.7,112.58,32.39,84.92,5.76,67.78,kidneybeans
99.83,98.43,148.76,25.95,38.5,6.66,26.25,blackgram
93.29,11.14,48.07,26.02,41.94,7.9,179.94,jute
135.25,50.73,149.38,10.57,69.68,3.78,164.88,apple
106.55,92.26,167.13,16.09,20.73,4.95,213.1,kidneybeans
133.11,12.89,87.38,27.1,35.12,8.49,201.95,muskmelon
98.36,8.34,154.28,38.79,19.48,8.67,271.3,blackgram
41.73,68.0,85.81,19.76,46.39,5.74,148.65,apple
14.75,51.58,140.67,28.29,54.16,5.75,22.34,orange
109.46,66.36,157.8,22.07,26.89,8.04,196.58,maize
90.18,41.78,203.39,13.67,12.13,5.27,209.04,kidneybeans
6.75,28.06,74.08,43.54,67.55,4.2,166.02,jute
50.41,101.48,87.21,39.91,11.6,5.05,213.01,cotton
133.95,77.04,38.12,12.75,87.87,5.82,110.6,apple
70.06,33.02,45.81,35.19,27.73,3.81,61.67,coconut
60.58,49.74,143.68,22.17,63.11,6.37,206.08,jute
64.08,87.85,188.41,44.82,44.78,7.94,88.65,chickpea
29.24,15.11,83.92,20.58,14.77,6.58,147.77,chickpea
51.62,25.64,40.97,18.36,47.77,3.93,157.65,cotton
51.77,15.25,62.02,29.88,51.34,6.14,153.62,cotton
7.33,118.72,96.01,39.23,78.37,7.75,187.57,mothbeans
107.46,110.34,63.13,16.74,68.59,3.85,28.25,mungbean
58.31,110.46,51.72,34.83,16.34,3.86,297.11,jute
115.11,105.29,152.2,12.15,26.73,5.72,220.57,jute
119.05,98.71,6.57,42.16,34.95,4.67,139.11,wheat
29.68,71.78,112.85,12.84,19.31,9.11,73.57,lentil
92.03,94.92,163.75,42.0,46.55,6.99,42.45,kidneybeans
66.12,10.37,58.25,27.18,88.74,5.22,208.21,apple
123.22,92.01,125.66,25.68,51.17,7.73,108.75,mothbeans
30.2,113.9,138.78,44.07,69.35,5.75,84.25,wheat
94.89,75.05,136.0,44.66,64.64,4.29,126.39,pigeonpeas
85.09,55.05,94.17,32.76,77.99,4.92,186.02,lentil
41.34,43.84,74.32,14.45,27.26,7.36,208.08,blackgram
19.12,94.99,172.18,27.72,70.31,3.81,200.65,kidneybeans
91.23,101.99,156.69,28.52,80.51,5.14,261.71,maize
103.4,126.94,69.25,28.01,23.72,4.75,81.25,pomegranate
44.19,52.93,25.6,29.93,37.74,4.71,198.29,lentil
90.28,112.77,19.36,10.66,87.61,7.6,48.31,muskmelon
55.32,83.59,23.86,34.89,72.46,8.45,173.42,coconut
99.85,128.6,121.57,34.93,32.61,7.8,183.51,papaya
27.89,78.89,15.33,14.04,55.12,7.37,80.55,rice
124.63,77.47,72.39,29.96,42.35,9.0,129.67,pomegranate
40.24,85.9,155.64,29.89,49.2,3.85,251.61,watermelon
51.49,109.9,63.87,33.89,38.41,4.5,61.55,mothbeans
8.13,140.06,157.66,12.99,32.35,5.99,141.66,mungbean
15.61,15.3,154.09,31.93,63.98,5.73,281.17,muskmelon
72.22,12.48,54.17,19.83,72.28,6.01,161.15,orange
37.46,136.26,150.76,27.75,79.92,4.74,223.04,coffee
116.97,79.18,154.56,37.07,22.43,4.4,251.52,pomegranate
2.06,91.09,84.49,34.7,75.83,6.56,77.06,rice
53.07,72.54,47.08,14.16,30.38,9.07,81.1,muskmelon
47.23,18.11,109.25,30.69,44.19,5.85,232.41,chickpea
2.71,112.53,189.28,43.92,82.12,3.76,230.93,coffee
17.41,109.61,132.92,15.49,46.36,7.74,36.85,pigeonpeas
57.91,48.64,39.58,39.85,25.77,5.25,110.3,pomegranate
69.0,47.87,141.55,34.59,22.79,4.97,131.59,pigeonpeas
56.6,122.3,90.44,37.09,47.84,5.45,252.13,lentil
74.33,15.13,123.31,19.87,71.01,7.84,138.12,pigeonpeas
83.32,128.35,151.81,20.08,89.78,8.41,279.26,lentil
1.39,40.93,107.99,41.71,72.99,7.03,299.05,jute
64.97,88.02,167.8,22.59,80.16,5.43,238.6,coffee
134.89,136.04,149.43,12.21,69.83,5.36,206.59,kidneybeans
72.66,99.94,128.01,31.02,81.63,4.25,129.73,blackgram
94.86,63.02,35.16,14.37,16.1,9.1,38.77,mothbeans
43.66,101.53,172.19,37.88,84.39,7.33,180.48,apple
108.36,53.16,192.18,32.46,41.71,3.66,121.28,banana
108.21,43.82,32.39,40.62,83.73,7.47,118.25,pomegranate
72.98,144.54,102.65,37.47,16.06,6.18,212.56,pigeonpeas
136.64,110.11,56.78,13.92,67.22,9.34,149.82,pomegranate
17.58,95.26,155.9,23.34,68.86,8.41,230.59,pomegranate
2.37,54.74,149.33,37.11,89.75,4.53,131.49,grapes
107.82,11.88,33.18,24.61,71.51,7.82,62.24,muskmelon
113.0,9.35,180.41,44.03,40.61,6.41,149.18,wheat
16.83,82.59,41.19,35.75,54.58,4.62,286.28,wheat
37.18,111.68,164.45,10.54,39.32,7.69,244.43,kidneybeans
2.46,80.23,96.4,40.8,25.68,6.78,77.61,grapes
41.06,122.71,70.65,13.53,29.88,3.68,129.56,cotton
108.24,9.68,36.65,14.92,27.76,7.38,279.78,lentil
72.51,56.35,38.52,35.71,53.91,7.31,54.64,lentil
48.73,38.19,137.38,40.27,82.49,4.36,91.11,orange
52.04,67.62,115.09,28.77,83.02,5.59,93.42,coconut
0.19,15.13,29.42,20.12,14.38,7.02,179.86,blackgram
41.97,138.58,27.54,22.3,16.39,4.33,135.01,chickpea
90.5,36.26,19.46,22.0,29.61,8.62,42.36,apple
136.39,134.12,153.75,21.43,30.4,3.66,196.17,cotton
118.59,64.63,147.38,18.5,17.59,4.12,47.74,wheat
3.3,142.97,16.69,31.31,41.08,4.2,189.8,grapes
125.8,82.57,117.05,41.51,57.02,6.67,161.96,jute
109.65,135.32,21.94,20.75,56.25,7.22,158.23,rice
109.25,5.75,185.75,16.53,53.47,5.92,38.9,coffee
64.12,109.75,186.42,39.35,37.09,5.23,198.98,mothbeans
55.72,131.43,144.65,35.96,66.52,8.36,140.77,chickpea
42.41,24.56,190.24,42.58,76.12,3.91,135.11,blackgram
9.2,18.46,167.29,15.79,37.7,5.18,187.01,maize
31.95,64.44,170.71,15.05,16.84,3.73,189.75,kidneybeans
34.52,135.72,118.94,28.95,33.71,3.58,24.21,cotton
67.77,80.93,66.21,31.51,20.99,5.62,55.06,lentil
104.64,78.84,48.56,26.81,47.39,4.67,86.23,lentil
66.33,24.76,70.44,30.96,22.47,5.11,209.83,chickpea
8.1,5.11,130.7,16.31,47.03,8.43,181.49,apple
134.09,118.42,39.53,26.79,27.68,4.48,232.14,cotton
131.98,17.26,56.73,33.03,69.1,8.18,227.37,apple
109.93,93.74,98.61,25.14,12.21,7.55,258.89,papaya
138.79,133.05,51.61,33.78,54.38,5.46,125.51,pigeonpeas
76.23,34.21,122.73,25.79,23.56,6.78,116.62,rice
134.79,98.14,189.64,21.68,10.08,6.17,252.68,grapes
10.58,16.02,154.62,20.63,79.54,4.27,86.53,mango
51.2,89.53,138.29,24.38,63.72,8.94,149.13,maize
31.55,27.95,121.54,10.81,17.92,6.92,74.41,coffee
27.42,108.03,102.59,33.4,63.13,8.78,275.88,wheat
19.71,47.17,42.31,39.58,58.93,8.44,134.18,jute
87.14,69.87,183.94,22.41,47.87,3.98,79.5,mothbeans
109.39,88.92,54.71,11.61,43.54,4.74,213.76,banana
80.96,28.98,23.26,44.54,80.97,4.37,88.5,wheat
20.57,108.83,155.0,19.23,29.61,8.48,284.18,pomegranate
113.56,47.37,40.12,14.43,41.86,8.67,122.93,muskmelon
89.03,97.73,79.38,22.94,36.33,6.67,206.1,kidneybeans
54.34,27.16,10.66,35.85,71.7,4.13,116.67,apple
94.38,101.34,32.41,20.29,83.32,4.31,246.03,maize
36.39,22.95,39.64,30.11,77.98,8.38,271.14,grapes
48.33,64.55,15.88,24.54,73.82,9.08,240.62,muskmelon
128.45,39.61,136.33,14.12,88.94,4.7,257.58,apple
40.67,109.77,172.4,21.56,65.77,3.57,48.53,papaya
65.8,41.68,79.66,35.37,70.08,5.49,278.74,chickpea
124.62,128.44,179.92,31.42,88.62,3.68,194.8,cotton
99.08,129.85,47.67,14.19,10.56,8.47,263.38,coconut
8.71,32.5,70.08,15.72,60.72,6.45,211.64,coconut
20.62,90.94,35.15,32.43,69.12,7.35,76.52,blackgram
1.1,17.28,129.11,38.47,83.43,5.97,190.68,pomegranate
88.33,59.82,88.97,22.23,80.71,5.57,45.46,kidneybeans
62.67,104.87,127.66,30.84,77.36,4.83,214.8,pomegranate
18.8,97.32,157.33,15.97,85.66,8.12,134.52,mango
134.11,92.46,114.14,20.9,52.99,7.67,62.49,cotton
74.15,44.56,130.53,10.71,10.55,5.66,294.18,wheat
33.87,57.92,192.05,36.89,10.88,5.43,272.3,jute
70.08,19.41,64.81,24.04,53.57,3.51,270.19,wheat
95.15,105.66,76.83,38.56,44.82,3.88,240.87,lentil
10.67,75.54,148.54,34.79,46.1,7.24,213.75,mango
38.46,104.23,127.26,39.01,42.03,6.59,203.42,kidneybeans
112.98,39.85,40.71,20.0,83.42,6.11,49.71,pomegranate
64.35,50.42,80.23,16.48,38.73,8.47,272.16,watermelon
76.52,51.79,98.57,44.02,78.5,6.52,266.72,kidneybeans
60.59,8.6,88.88,35.11,82.23,5.81,229.4,coconut
6.15,52.75,40.65,39.19,49.96,4.47,279.65,kidneybeans
23.2,117.46,189.89,10.46,45.76,8.42,174.86,mothbeans
62.38,130.62,157.46,22.41,70.88,6.96,145.34,lentil
29.29,77.55,101.27,36.0,66.64,4.05,291.03,wheat
7.0,68.77,141.01,12.73,36.28,7.39,149.96,rice
118.11,9.32,184.46,29.86,18.2,6.05,199.57,coconut
137.37,128.09,32.23,25.02,31.19,8.37,124.46,coffee
111.04,6.82,55.07,10.62,20.48,9.01,198.17,rice
119.53,137.27,113.54,18.26,33.58,7.1,221.63,chickpea
33.88,73.49,164.8,19.97,30.95,7.89,194.9,watermelon
134.49,52.87,12.25,13.92,61.02,3.84,164.08,watermelon
27.57,134.39,201.8,32.1,86.36,6.86,104.03,pigeonpeas
133.2,8.41,95.98,18.48,64.86,8.03,200.28,pigeonpeas
139.27,86.4,76.85,19.72,84.13,6.48,274.36,rice
99.64,81.85,63.54,41.44,72.73,7.06,21.94,mothbeans
137.36,35.7,39.87,26.35,68.23,8.89,57.5,kidneybeans
79.74,65.04,163.31,23.72,43.12,4.69,53.54,jute
36.34,96.32,196.08,35.34,35.98,4.09,278.5,apple
61.18,106.8,87.73,41.84,77.7,7.64,205.57,mothbeans
83.1,5.1,195.48,10.88,82.43,8.44,286.5,chickpea
10.23,136.16,169.76,25.69,46.15,8.6,183.19,maize
87.13,28.03,101.21,31.38,10.73,7.35,149.29,banana
137.36,37.7,139.81,21.15,73.4,8.5,241.86,watermelon
26.62,41.89,92.0,37.03,32.81,7.7,65.06,coconut
110.96,10.29,116.74,44.0,10.79,4.02,126.77,blackgram
127.11,22.23,16.61,43.02,74.4,8.07,150.56,cotton
132.12,143.09,144.25,19.31,51.39,4.58,103.57,banana
134.42,49.13,15.56,17.92,64.82,4.92,123.96,kidneybeans
73.0,21.14,168.42,43.51,83.18,5.87,41.87,mungbean
136.82,19.98,169.99,26.05,53.29,5.39,75.44,watermelon
106.02,105.72,52.42,17.29,50.26,5.43,113.94,mothbeans
22.63,124.64,69.73,34.74,33.25,4.52,242.85,papaya
66.77,40.97,101.26,19.95,34.42,5.26,71.1,mango
100.57,7.93,124.33,19.35,73.72,3.62,117.06,rice
34.63,36.23,62.47,40.77,45.92,6.34,38.18,pomegranate
89.69,12.91,123.5,15.69,23.08,8.11,175.99,mango
93.32,19.48,64.56,12.25,17.56,8.67,191.15,wheat
22.78,65.41,16.1,19.42,47.83,8.42,262.34,papaya
79.11,37.19,5.51,31.24,47.2,6.0,249.35,pomegranate
108.03,77.23,25.23,14.31,62.28,7.88,99.91,rice
69.85,40.49,163.45,26.51,47.69,5.23,58.35,rice
1.69,136.68,197.29,31.96,21.48,3.83,63.7,mungbean
1.27,131.83,90.39,39.71,50.62,7.56,291.31,mango
49.98,84.35,107.54,18.05,82.54,7.39,208.5,mungbean
129.67,54.62,34.37,38.61,22.76,8.31,31.92,wheat
32.01,58.36,115.21,18.22,65.18,7.2,58.3,mungbean
88.81,62.66,33.93,33.69,57.51,4.44,156.02,grapes
31.09,106.86,127.24,25.07,69.89,8.62,78.19,wheat
45.03,68.23,191.65,14.01,22.05,7.26,245.02,mango
118.73,124.94,44.14,35.0,85.33,8.35,180.5,kidneybeans
102.04,137.17,157.91,17.62,59.68,8.14,191.54,rice
13.36,52.03,9.7,16.18,77.77,5.29,149.59,blackgram
60.02,83.5,80.1,22.54,29.73,3.95,91.7,coconut
4.08,18.31,27.15,32.87,69.15,4.56,185.03,lentil
67.32,33.07,75.5,18.19,72.48,4.06,220.75,pomegranate
92.74,62.89,39.71,16.43,41.79,4.96,123.87,orange
16.59,33.87,79.66,10.35,40.72,6.26,161.38,apple
40.44,127.72,88.5,26.51,62.62,8.94,255.11,pigeonpeas
55.7,27.16,65.12,25.0,17.47,8.73,61.63,pomegranate
128.73,68.79,136.32,18.19,68.85,7.81,172.66,chickpea
139.06,89.8,188.77,11.88,13.43,3.64,117.56,rice
6.29,101.86,85.12,25.02,25.25,5.55,216.78,rice
106.54,58.63,43.47,37.59,63.13,7.59,25.27,jute
52.04,126.67,59.14,35.03,17.87,4.27,207.73,orange
54.94,84.56,175.8,40.13,87.75,8.31,48.81,kidneybeans
105.6,66.53,119.33,10.34,79.47,8.99,38.13,muskmelon
128.58,14.41,96.0,43.82,60.1,5.62,222.89,wheat
133.13,70.06,34.93,21.95,75.52,7.74,199.3,blackgram
80.8,119.9,94.95,44.66,81.01,4.39,270.58,wheat
50.0,91.04,60.7,18.84,30.76,7.64,165.5,kidneybeans
110.26,121.5,193.63,26.5,77.95,3.63,168.41,coconut
35.14,74.16,181.81,22.39,25.58,4.4,217.96,apple
78.97,21.58,21.78,22.45,43.07,7.76,110.55,papaya
50.2,6.91,108.33,39.48,54.66,7.77,30.34,lentil
91.93,47.45,50.01,36.12,67.11,7.35,84.41,mungbean
33.66,102.72,87.16,44.73,12.41,6.36,86.64,coconut
26.82,115.64,180.37,31.47,33.24,7.55,113.98,pomegranate
128.55,46.41,110.5,26.21,58.68,8.14,284.17,mango
14.25,74.39,71.84,13.15,38.59,9.3,245.36,mango
70.83,63.96,46.58,44.88,72.0,8.83,282.07,blackgram
30.92,62.47,165.06,29.3,62.13,8.27,299.61,kidneybeans
5.45,37.39,129.9,34.52,28.75,7.67,141.46,orange
5.04,24.09,98.61,24.24,21.67,6.94,83.58,mungbean
24.53,32.54,48.5,29.17,60.32,4.22,176.8,coconut
121.35,12.75,71.85,42.99,46.04,4.49,266.72,grapes
39.55,32.74,196.97,15.82,23.52,8.42,150.4,wheat
133.06,6.29,109.02,20.23,36.11,8.32,161.51,jute
81.43,92.82,85.14,15.32,34.24,7.19,57.64,muskmelon
61.13,49.29,109.28,37.73,18.65,6.13,137.73,rice
81.21,141.24,160.8,12.17,53.75,3.66,128.36,coffee
72.34,32.12,73.02,12.86,71.09,5.46,118.47,mango
106.23,53.42,40.74,20.45,56.04,6.02,268.44,orange
39.55,55.1,121.99,28.0,76.1,6.41,36.6,rice
49.43,6.18,138.04,24.22,20.21,9.08,292.2,mothbeans
125.17,122.49,147.54,11.57,44.85,4.15,22.31,chickpea
132.5,9.48,181.4,43.51,58.75,6.61,284.77,lentil
124.96,136.63,79.23,43.35,64.08,5.71,173.45,mungbean
58.72,129.89,20.07,19.78,65.66,9.44,216.68,maize
109.25,79.97,196.67,35.6,68.32,8.67,72.4,coffee
66.69,81.1,92.0,30.25,62.11,6.13,203.18,mothbeans
69.66,96.53,129.65,18.31,17.54,9.5,266.95,muskmelon
28.66,59.19,138.26,19.18,65.62,6.58,59.05,coconut
82.76,95.61,114.3,27.19,67.98,4.5,55.58,lentil
26.06,11.27,46.05,24.67,89.48,6.84,105.11,mango
46.42,12.57,156.03,20.19,65.47,4.86,65.28,rice
119.7,69.01,165.75,38.26,64.95,7.32,50.98,mothbeans
28.99,81.95,115.6,26.85,51.19,9.12,209.93,lentil
9.96,129.29,102.71,32.92,79.43,8.22,79.87,banana
9.66,19.65,27.79,16.62,89.75,5.14,206.76,grapes
131.71,120.17,21.79,28.67,72.32,5.28,261.34,jute
70.97,34.41,72.91,21.13,59.0,3.92,202.57,pomegranate
57.32,60.17,67.17,28.42,16.32,5.22,53.42,apple
113.52,49.32,195.73,37.33,68.14,4.06,180.6,blackgram
117.02,61.02,161.72,36.91,66.68,6.5,130.22,mungbean
46.51,26.07,136.98,22.4,72.05,7.75,116.14,lentil
97.11,75.5,108.53,34.3,19.96,8.01,109.19,chickpea
107.96,117.23,38.47,42.95,62.3,3.86,280.24,kidneybeans
91.65,66.81,200.69,31.9,33.66,5.54,227.9,orange
21.22,73.69,80.01,15.19,70.82,5.23,57.48,pigeonpeas
122.62,123.83,26.39,33.79,29.23,4.13,153.28,lentil
75.47,103.85,103.76,13.67,64.72,5.67,109.1,orange
39.55,73.66,179.8,40.52,33.6,5.3,293.82,pomegranate
59.53,41.08,182.46,28.08,10.72,7.31,293.85,kidneybeans
5.26,128.89,7.19,23.48,60.67,8.8,109.47,maize
17.9,85.78,182.26,12.0,19.06,6.23,118.59,orange
107.18,35.96,59.3,23.33,62.74,7.98,187.84,chickpea
0.0,42.68,12.79,41.61,84.05,4.38,154.21,mungbean
58.32,117.44,174.56,10.73,87.54,8.87,79.67,apple
73.15,11.18,177.77,26.61,28.87,4.42,204.92,lentil
7.65,143.89,124.25,42.59,74.74,4.65,113.56,papaya
136.23,23.25,119.89,23.82,38.28,4.14,203.04,rice
31.66,116.45,167.62,24.99,82.04,5.36,127.43,wheat
42.59,60.27,162.26,30.25,73.0,6.81,216.06,pomegranate
42.55,73.91,183.02,26.2,15.91,9.43,206.98,watermelon
32.26,128.29,115.55,15.9,42.57,8.26,162.47,coffee
0.21,62.81,198.53,10.65,36.99,5.78,217.33,rice
102.11,80.25,204.23,31.34,72.81,6.96,149.07,blackgram
135.36,11.9,28.31,42.23,42.82,7.24,52.52,mungbean
31.4,5.33,174.91,13.72,64.77,8.44,70.99,rice
92.83,39.27,104.96,17.38,58.19,7.92,88.88,lentil
103.87,100.28,82.51,22.96,88.05,6.92,37.7,apple
118.78,21.98,127.61,38.31,85.02,7.52,219.19,orange
59.17,20.93,16.19,19.42,44.22,7.98,122.87,muskmelon
42.41,62.53,106.29,40.87,67.89,4.3,46.19,wheat
45.54,95.7,179.18,11.92,76.36,4.7,249.59,jute
99.77,104.69,47.69,42.93,81.91,7.63,211.42,apple
114.35,29.98,90.28,29.63,15.45,8.6,146.62,chickpea
25.43,16.14,192.9,33.06,34.17,5.96,89.28,mothbeans
51.93,136.66,90.71,22.87,35.62,9.38,62.49,blackgram
126.27,41.49,76.67,37.37,44.76,4.8,148.34,maize
112.94,124.47,93.11,15.83,23.54,6.0,267.87,coconut
137.88,125.89,108.89,11.71,49.7,5.77,72.75,cotton
105.59,113.15,131.4,23.84,63.06,9.08,179.22,kidneybeans
55.05,28.64,165.14,39.88,49.79,5.21,289.27,orange
82.69,120.05,95.42,36.42,63.26,6.32,198.39,cotton
92.54,112.7,168.5,28.1,15.32,4.62,143.19,apple
10.98,88.54,111.74,30.02,80.08,6.63,220.58,mothbeans
76.23,52.21,72.7,14.55,85.13,8.64,250.88,grapes
99.3,41.75,136.59,39.42,59.43,5.32,185.34,watermelon
23.42,22.06,148.54,37.54,80.51,8.36,264.11,cotton
109.29,76.37,116.61,32.98,20.52,8.97,164.09,jute
81.73,86.94,16.32,26.32,73.8,3.94,252.41,grapes
133.31,55.31,38.98,43.76,19.53,8.04,286.57,blackgram
5.94,71.55,62.06,40.77,42.64,5.03,160.35,muskmelon
37.15,55.89,61.53,32.56,35.91,4.55,189.4,papaya
84.22,94.74,139.68,23.01,56.85,7.11,190.65,rice
41.52,131.18,8.67,31.63,34.12,7.73,238.8,mungbean
100.02,27.95,156.14,30.14,60.99,5.87,250.43,orange
106.26,58.4,58.07,23.8,39.39,3.74,27.62,wheat
14.35,24.72,67.0,20.73,78.86,8.95,225.34,chickpea
71.94,92.49,110.58,24.25,60.71,7.88,239.47,cotton
71.24,107.04,48.19,30.09,27.22,5.13,216.12,rice
51.7,135.47,181.89,24.98,36.89,6.48,219.83,papaya
130.61,44.04,22.07,19.23,77.79,3.67,31.59,pomegranate
115.85,138.03,93.88,36.63,40.92,5.54,143.77,pigeonpeas
97.61,13.86,174.88,28.6,52.86,6.64,249.09,papaya
100.01,89.42,128.17,12.37,61.92,6.6,281.52,grapes
64.64,13.0,63.47,22.89,37.82,4.75,84.25,coffee
128.94,130.13,89.15,40.97,33.52,8.16,182.17,jute
97.24,79.17,146.34,36.43,48.02,5.29,245.21,cotton
102.06,98.71,199.65,21.31,27.19,6.98,230.67,papaya
120.64,121.42,183.63,42.84,32.74,5.13,193.29,mango
38.37,26.04,73.49,12.68,14.97,6.05,25.23,banana
112.99,10.4,204.64,43.64,34.32,4.75,222.69,lentil
27.33,128.04,5.7,18.6,35.66,7.3,236.51,papaya
48.35,49.09,10.53,10.32,86.95,6.05,222.4,pomegranate
46.99,23.06,169.77,25.18,57.18,3.6,234.43,banana
136.99,70.58,44.89,22.56,72.99,3.67,140.66,mothbeans
119.92,88.76,17.15,28.87,13.63,6.33,298.25,mungbean
98.16,9.34,52.43,37.89,18.52,4.6,235.82,apple
101.79,43.49,90.22,39.49,75.16,7.01,182.03,maize
78.69,9.59,151.11,24.04,59.88,5.95,281.57,pigeonpeas
132.59,63.85,129.87,25.04,25.28,7.43,274.3,banana
69.48,130.31,52.52,15.19,42.38,9.21,248.08,watermelon
53.27,142.57,105.65,11.66,53.09,6.67,177.83,coffee
22.82,94.19,190.24,32.44,77.49,8.22,167.59,mothbeans
110.07,27.63,168.0,12.26,14.83,8.02,112.04,pigeonpeas
102.82,131.82,69.64,35.68,57.74,9.03,90.25,banana
53.81,77.27,201.45,28.87,67.36,4.78,163.46,banana
3.53,26.52,146.72,16.95,88.23,8.46,181.78,chickpea
117.46,134.04,17.49,28.88,74.57,8.93,88.47,cotton
1.6,111.05,12.03,16.4,32.1,5.86,278.33,blackgram
98.52,107.44,38.68,25.36,66.77,5.38,176.04,apple
135.84,104.29,150.57,37.98,71.06,9.21,167.42,wheat
61.27,33.05,41.75,26.17,68.38,7.27,141.98,kidneybeans
32.9,34.54,107.3,15.2,75.61,5.78,36.26,cotton
98.68,101.36,23.65,35.33,82.3,8.25,267.07,coffee
114.4,35.76,189.18,16.54,17.87,5.33,108.76,lentil
76.5,66.41,73.79,35.85,18.38,4.56,199.89,pigeonpeas
135.38,114.48,186.63,26.78,73.71,6.76,190.08,pigeonpeas
7.23,114.75,193.98,25.88,30.19,6.9,183.66,cotton
70.67,68.46,6.23,39.8,14.68,8.45,167.2,kidneybeans
100.58,115.91,97.83,34.8,42.1,6.24,70.8,mungbean
120.77,122.41,9.93,11.15,75.59,8.39,98.57,cotton
25.1,96.67,186.74,20.37,20.13,5.37,166.77,jute
112.0,36.98,108.68,40.48,63.75,6.95,241.02,maize
77.38,43.36,19.99,10.64,10.29,4.75,140.96,grapes
55.52,49.08,27.06,29.08,18.78,5.81,77.1,kidneybeans
18.44,21.35,81.7,35.47,38.07,8.65,44.62,watermelon
121.14,43.24,193.05,31.76,16.69,4.8,205.64,blackgram
22.02,34.33,143.58,36.62,77.67,8.36,138.54,watermelon
43.37,68.75,178.52,35.4,79.13,5.2,55.1,papaya
40.61,132.18,78.29,34.22,70.45,3.71,208.85,muskmelon
122.0,19.63,13.64,38.75,29.4,4.16,78.12,mungbean
94.18,105.84,199.86,32.6,51.86,7.98,162.52,watermelon
111.54,101.22,8.43,24.08,24.74,5.07,105.73,pomegranate
35.07,18.41,194.53,26.52,32.5,7.42,280.87,coffee
87.48,134.16,78.74,35.09,51.28,7.7,83.92,chickpea
80.04,84.59,7.02,40.67,68.8,5.57,137.58,cotton
116.6,55.92,142.83,19.53,17.57,6.35,288.66,lentil
126.85,110.92,201.11,21.97,33.74,5.92,109.24,coffee
1.7,41.03,198.13,42.58,84.13,9.18,200.49,lentil
94.36,102.09,37.19,30.25,44.33,5.42,108.68,wheat
7.26,10.56,41.25,16.26,85.11,4.6,50.99,mungbean
76.84,122.52,118.11,33.23,89.31,5.69,195.71,mungbean
40.27,67.74,132.46,44.68,52.13,7.52,276.49,blackgram
42.95,94.14,152.88,38.82,33.04,7.68,146.72,wheat
49.41,35.97,41.21,36.1,73.26,9.04,195.33,grapes
86.98,99.79,196.8,17.28,22.74,8.79,190.49,coconut
46.77,113.11,132.75,40.66,30.16,5.23,136.23,wheat
102.58,71.25,174.41,28.4,72.79,6.23,192.17,chickpea
56.63,91.48,113.01,41.13,44.69,7.98,92.61,maize
9.57,68.89,87.86,21.54,26.12,9.0,125.85,coffee
109.73,130.17,200.44,12.17,62.09,5.52,143.85,grapes
40.01,74.7,121.42,26.66,68.62,6.17,261.92,cotton
60.59,122.85,178.37,19.44,20.01,8.9,117.53,muskmelon
95.96,117.19,195.66,35.03,32.16,5.65,197.84,watermelon
46.54,62.47,140.07,43.5,27.7,6.38,79.75,mothbeans
7.92,37.21,114.79,34.18,40.39,8.93,90.72,orange
52.35,61.85,5.7,41.04,71.08,8.31,201.56,coconut
132.22,120.67,13.0,25.86,67.1,4.96,233.45,pigeonpeas
89.84,36.87,45.17,37.01,63.0,5.45,149.39,cotton
94.01,78.42,42.2,39.51,10.5,5.62,113.83,muskmelon
88.52,117.85,55.95,34.88,21.37,8.98,274.88,pomegranate
27.86,54.49,65.99,27.77,27.86,9.49,58.03,wheat
58.57,94.91,77.01,31.91,31.76,8.14,221.8,coffee
105.13,39.39,89.11,34.52,21.71,6.41,213.25,wheat
14.19,20.3,24.77,18.86,42.83,3.56,213.27,grapes
38.9,116.21,13.47,38.34,16.01,7.68,281.92,blackgram
38.68,18.86,139.79,43.26,70.0,5.84,223.89,coffee
60.48,42.99,112.47,26.28,73.02,7.3,104.44,banana
137.25,124.72,93.83,34.54,55.94,7.14,118.95,maize
9.45,53.51,131.89,35.8,17.18,6.38,129.51,jute
72.62,141.23,170.54,33.18,81.21,9.17,28.63,kidneybeans
25.11,142.16,90.54,29.15,87.25,3.64,275.78,blackgram
135.89,42.56,133.22,40.86,26.19,7.77,40.59,maize
15.86,10.74,195.71,25.71,66.37,5.96,215.94,orange
56.5,103.71,172.92,12.14,77.36,7.78,224.45,wheat
103.3,68.14,90.2,39.56,53.19,7.55,256.24,chickpea
98.64,19.11,133.94,33.59,35.87,3.56,174.94,mango
59.18,104.05,40.41,39.72,48.28,5.21,223.07,apple
48.51,9.36,117.1,14.85,50.98,4.63,104.76,blackgram
55.67,126.83,201.27,11.08,42.05,4.5,228.76,papaya
37.0,24.41,108.66,42.7,84.39,7.87,116.16,grapes
28.75,22.82,190.53,15.17,69.51,4.94,272.79,mango
67.63,29.59,86.47,38.34,29.3,6.35,65.75,kidneybeans
37.59,139.44,204.77,38.81,56.84,4.98,108.41,orange
40.24,102.04,120.84,34.8,65.1,6.98,159.66,watermelon
91.95,117.19,13.45,14.59,21.21,7.82,237.24,pomegranate
135.6,60.67,122.35,33.36,38.67,5.49,229.66,papaya
84.51,52.08,59.91,41.12,82.44,7.12,79.0,kidneybeans
10.78,37.83,11.5,24.89,55.37,8.45,60.39,mothbeans
10.58,72.29,169.17,24.47,27.36,4.07,105.11,wheat
133.2,82.26,60.15,25.5,19.82,7.76,155.45,papaya
41.62,93.45,164.31,12.88,51.46,5.44,170.92,muskmelon
12.89,41.0,62.64,41.22,53.81,4.24,140.16,maize
83.87,137.81,43.87,40.42,36.75,6.77,205.67,lentil
87.31,28.77,199.79,44.93,60.43,4.86,139.72,banana
90.79,140.19,77.33,30.48,15.49,8.43,284.97,coffee
37.44,7.08,125.28,36.29,21.61,3.76,93.07,wheat
2.12,72.36,127.0,17.09,53.7,4.09,195.66,mungbean
135.1,51.67,117.09,33.36,14.95,6.63,191.19,blackgram
35.13,67.88,187.94,32.74,80.47,7.03,98.84,coffee
94.64,84.89,139.89,41.54,21.37,7.88,135.27,coconut
98.93,65.98,85.75,39.08,63.91,5.06,122.33,banana
85.4,63.08,177.48,42.85,41.3,8.55,68.3,kidneybeans
43.81,107.58,41.21,40.41,41.98,9.22,153.64,coffee
37.95,101.02,113.85,40.4,71.19,6.49,128.27,mango
83.67,121.66,195.11,12.23,49.96,8.06,69.93,kidneybeans
121.25,39.99,130.08,39.61,68.05,6.65,145.97,watermelon
132.54,90.33,168.39,31.26,50.42,3.92,138.12,cotton
14.83,86.93,135.71,23.32,57.43,5.46,56.78,kidneybeans
21.68,56.76,172.87,11.98,70.86,4.02,56.73,kidneybeans
132.26,73.05,193.9,33.72,58.58,9.43,201.3,chickpea
103.11,48.93,59.58,21.49,59.25,4.87,217.84,coffee
123.62,24.86,38.93,26.37,73.14,7.32,283.53,muskmelon
28.37,34.93,101.8,33.86,85.93,5.21,44.36,orange
82.26,19.77,145.37,41.91,40.14,7.42,53.0,lentil
98.16,100.63,50.44,38.89,56.17,4.76,34.51,coconut
95.22,97.5,5.82,25.77,16.9,8.21,169.02,maize
57.14,138.08,73.59,23.57,38.7,4.16,194.37,lentil
2.16,107.15,198.77,18.39,42.96,8.87,132.99,mango
81.61,12.29,143.99,23.03,76.82,8.54,243.41,coffee
35.43,128.79,85.27,13.89,51.07,7.57,212.28,maize
63.04,125.77,43.52,43.99,68.49,3.9,296.04,chickpea
134.06,67.06,76.22,30.09,11.52,4.75,58.61,mango
55.86,87.02,38.97,14.47,47.16,8.66,36.33,grapes
117.57,141.65,26.26,22.35,82.11,4.23,96.95,chickpea
26.4,79.52,186.35,29.15,27.95,4.44,25.33,banana
94.14,131.75,204.53,28.65,12.52,6.76,281.13,muskmelon
136.78,16.63,37.82,11.24,44.67,5.15,105.11,lentil
14.27,31.75,15.9,43.28,66.35,4.83,174.68,coffee
1.16,66.71,70.95,19.64,46.36,6.95,109.06,coconut
60.7,86.87,97.33,10.57,46.8,5.74,88.83,apple
12.97,119.27,45.96,12.68,63.58,4.34,62.66,mothbeans
104.77,143.36,65.28,30.31,30.35,6.71,109.7,chickpea
128.04,59.44,45.17,14.82,70.15,5.82,192.32,banana
60.76,11.64,159.85,11.46,22.25,7.91,292.05,lentil
36.22,117.16,147.52,23.29,41.66,4.12,176.27,wheat
60.82,89.61,131.99,31.8,62.48,7.22,169.16,grapes
101.28,32.8,82.44,13.91,76.27,6.12,29.87,mungbean
1.27,74.28,186.81,20.97,73.32,5.94,255.23,lentil
82.52,108.92,198.91,24.62,67.73,4.89,32.56,pigeonpeas
85.86,112.86,39.73,15.58,38.73,3.68,273.75,coffee
89.28,74.95,49.6,27.71,19.78,8.59,170.83,coffee
33.88,47.73,110.13,12.98,27.35,5.46,67.17,wheat
99.97,141.32,23.25,11.63,79.19,7.59,146.48,grapes
12.79,97.87,92.29,28.19,78.59,9.19,298.6,pomegranate
27.9,62.15,121.36,18.68,86.12,6.89,105.42,wheat
122.85,44.26,109.41,13.34,16.08,5.88,95.45,chickpea
103.42,107.35,71.18,24.84,52.94,5.11,53.04,pigeonpeas
1.92,38.91,113.49,42.03,61.89,9.1,187.2,chickpea
34.77,29.04,196.76,35.35,66.85,7.59,44.98,jute
30.02,79.18,46.2,38.55,61.51,7.49,234.48,kidneybeans
37.91,45.6,135.97,40.52,71.6,6.06,277.38,pigeonpeas
34.66,93.05,13.68,44.04,38.76,8.57,280.92,blackgram
8.75,21.51,18.28,36.71,24.35,7.78,50.22,jute
64.25,96.69,115.37,31.29,26.37,5.2,176.31,jute
102.58,44.66,25.99,22.79,10.96,7.1,47.19,muskmelon
84.94,5.03,9.47,16.36,38.03,6.08,180.16,pomegranate
94.2,22.77,39.3,34.03,17.34,3.54,248.19,pomegranate
11.36,135.71,117.97,44.82,35.72,8.35,170.58,cotton
133.21,126.43,145.67,26.36,60.26,4.24,264.18,cotton
117.39,37.71,45.5,35.33,81.56,6.56,244.47,lentil
112.71,113.97,138.65,27.33,77.17,5.52,97.43,rice
115.22,90.2,41.5,25.12,30.21,5.55,196.43,jute
130.58,140.93,127.69,24.36,20.73,6.36,22.08,apple
76.2,57.3,87.39,27.66,25.45,9.48,130.89,mungbean
28.04,100.4,135.76,22.84,87.68,5.95,86.63,muskmelon
86.35,13.9,204.01,36.21,53.96,4.59,282.39,pigeonpeas
104.0,60.47,192.56,40.6,24.6,7.18,133.51,grapes
103.31,139.93,5.86,40.9,77.26,4.92,203.14,wheat
73.0,80.46,182.09,17.97,41.62,4.13,224.95,blackgram
9.58,45.3,18.3,41.36,81.94,3.8,236.5,chickpea
51.96,21.84,195.61,21.95,30.85,3.64,226.02,papaya
128.91,103.49,61.37,20.83,41.46,6.09,100.97,apple
81.82,95.28,81.41,35.44,50.4,6.06,212.1,rice
75.37,57.35,23.33,20.66,81.41,4.61,173.72,wheat
37.64,138.13,27.45,11.85,79.5,8.2,187.26,apple
51.58,8.11,150.35,23.08,55.95,4.28,20.23,wheat
125.35,47.52,193.87,35.25,27.74,8.99,92.31,maize
93.3,133.95,127.15,21.44,42.27,7.03,280.59,chickpea
110.23,49.93,148.17,32.03,88.05,3.67,101.22,mango
63.61,40.32,157.39,33.1,58.62,9.28,142.64,coffee
88.23,79.79,57.56,35.68,72.49,5.35,72.27,banana
34.77,120.33,14.05,41.4,45.99,6.2,58.81,cotton
98.76,19.44,5.37,25.14,52.56,5.21,78.43,kidneybeans
59.86,137.02,75.13,15.83,44.32,7.87,175.02,grapes
61.96,116.31,53.29,21.16,66.23,6.41,277.33,pigeonpeas
90.91,30.38,17.46,25.13,78.12,4.29,111.34,rice
131.08,104.68,40.91,34.99,50.59,4.13,110.55,muskmelon
8.96,58.89,29.9,10.46,48.47,7.85,177.96,pigeonpeas
115.46,61.32,187.98,21.05,37.22,4.92,119.89,mango
40.93,114.66,33.05,37.29,24.17,4.33,274.92,mango
62.15,139.79,112.53,33.48,85.14,6.5,125.8,pomegranate
3.07,22.73,123.62,35.61,35.29,8.32,157.32,muskmelon
42.15,63.89,113.7,38.41,74.06,5.17,169.35,jute
70.37,72.33,24.81,37.41,67.23,5.16,238.98,grapes
7.86,57.68,68.76,33.88,73.27,8.5,177.89,pomegranate
68.75,55.85,15.25,25.39,84.94,4.39,86.96,kidneybeans
129.8,12.32,84.13,44.43,59.87,7.2,54.72,lentil
14.76,100.98,42.72,29.92,81.84,9.23,282.58,cotton
107.02,66.07,117.33,17.1,23.42,8.55,244.44,watermelon
57.35,32.27,143.56,20.25,60.14,3.87,26.43,mothbeans
91.72,119.24,111.42,34.27,71.78,5.42,250.03,maize
36.43,117.36,91.85,42.37,31.73,4.35,185.37,pomegranate
22.33,73.09,82.47,16.26,69.26,9.2,165.29,blackgram
22.46,46.78,173.34,12.88,72.28,9.42,23.42,lentil
9.87,94.33,48.87,40.85,76.5,4.91,238.64,coffee
25.99,45.34,151.84,42.03,35.03,7.52,75.46,chickpea
92.99,38.04,156.5,19.67,64.53,8.55,223.83,jute
123.44,107.27,88.84,23.21,34.34,4.9,24.44,coconut
113.98,10.65,64.46,33.11,69.12,4.63,242.98,orange
95.92,18.27,99.11,21.55,47.04,3.57,26.45,grapes
15.46,5.95,23.64,40.7,57.8,5.97,86.05,blackgram
40.49,26.41,14.19,13.77,43.27,8.9,95.12,coconut
43.37,14.66,27.32,11.33,22.96,8.92,64.1,muskmelon
34.99,144.41,42.43,17.3,24.24,4.27,154.7,wheat
72.1,45.43,105.84,20.01,16.21,4.73,99.43,coffee
74.98,25.9,174.83,13.95,59.45,5.95,298.12,mothbeans
49.96,38.74,52.13,12.3,77.89,8.18,182.39,kidneybeans
49.53,136.06,192.03,36.45,11.67,7.17,178.61,cotton
116.0,77.82,195.98,15.75,15.3,6.58,81.84,jute
110.5,56.07,196.78,41.99,46.6,7.05,134.43,apple
43.09,127.27,172.51,22.88,69.02,4.08,54.71,pomegranate
127.93,60.3,77.77,33.47,22.62,6.37,233.51,chickpea
133.39,51.9,19.54,17.89,31.73,9.45,112.72,apple
45.74,34.02,118.76,18.41,28.56,4.03,230.55,cotton
49.62,57.89,116.74,30.11,41.92,6.62,124.07,kidneybeans
70.79,49.34,175.0,29.62,28.0,5.27,296.85,chickpea
131.76,99.82,204.2,36.91,38.21,6.74,67.91,lentil
122.68,45.54,106.63,36.52,68.28,6.94,20.43,maize
14.36,85.81,74.04,33.47,58.88,6.96,186.55,cotton
54.98,14.22,42.18,25.72,16.49,8.61,286.83,pigeonpeas
77.47,31.78,5.96,41.17,61.02,5.84,201.18,cotton
70.44,62.04,106.82,31.79,48.17,6.6,44.0,mungbean
27.14,136.17,116.1,44.66,84.77,3.57,171.33,kidneybeans
120.23,57.82,169.99,38.68,33.14,8.24,274.66,mungbean
94.77,97.97,105.92,11.55,68.09,5.06,21.82,lentil
117.31,40.71,188.29,21.22,68.47,8.4,66.74,papaya
120.23,22.78,130.62,30.02,27.72,5.09,248.08,cotton
104.77,13.2,173.07,35.25,82.26,3.56,270.29,chickpea
61.49,47.76,34.66,29.26,49.29,4.43,218.0,pigeonpeas
85.48,27.07,176.07,37.51,64.31,9.41,297.64,maize
22.45,29.36,140.03,19.89,21.67,5.42,45.26,chickpea
94.31,111.51,39.05,16.44,30.62,4.15,172.79,chickpea
25.1,7.22,42.95,11.89,56.89,4.21,211.8,kidneybeans
97.15,83.09,190.3,30.07,35.52,5.36,216.74,watermelon
32.14,58.12,11.44,34.1,49.98,3.73,242.18,muskmelon
16.46,75.92,97.51,21.42,39.92,6.57,276.94,pigeonpeas
23.14,83.8,67.7,31.48,61.24,4.78,121.26,orange
0.28,48.87,138.02,11.83,48.97,6.62,32.03,banana
100.62,46.32,172.93,13.48,10.37,4.34,121.48,coconut
102.54,107.68,77.08,34.56,61.97,6.08,208.05,mothbeans
72.09,126.98,90.38,22.88,43.77,7.09,79.77,coffee
22.59,31.96,201.38,33.5,37.34,3.87,246.79,banana
11.7,18.67,161.78,39.11,17.53,5.89,81.53,grapes
2.68,130.69,184.44,39.84,27.63,5.32,22.82,mango
23.2,53.99,92.75,16.03,27.9,4.94,162.26,pomegranate
124.72,82.18,51.82,27.02,84.83,7.13,223.41,pomegranate
33.82,55.34,87.37,35.69,44.6,7.03,117.9,wheat
49.6,22.61,148.22,37.09,13.37,7.28,229.69,grapes
14.75,87.51,26.89,37.46,21.11,4.45,142.75,watermelon
31.13,78.52,59.09,17.99,16.32,5.21,68.08,coffee
72.69,33.42,14.33,16.74,57.11,4.76,45.36,rice
85.09,68.26,91.47,30.65,24.93,6.74,218.96,banana
34.35,116.57,170.49,35.94,49.88,6.27,128.0,grapes
8.08,87.66,9.93,21.17,39.6,5.48,275.58,orange
54.74,18.57,140.06,13.66,74.31,8.22,171.27,cotton
32.79,81.72,191.5,35.09,35.64,4.06,117.56,coffee
30.74,103.38,52.39,20.49,46.66,9.35,117.72,maize
134.38,115.98,143.73,15.82,67.7,4.2,56.8,banana
86.28,93.08,200.02,15.17,44.67,8.14,186.26,kidneybeans
77.96,26.37,197.46,21.02,73.46,5.71,183.01,maize
58.21,104.42,51.99,30.74,62.93,8.69,244.0,mothbeans
60.05,99.83,25.07,22.54,42.84,3.95,76.34,muskmelon
75.73,8.42,34.66,10.72,50.32,5.75,101.42,coconut
97.5,62.64,145.41,13.39,87.38,5.51,47.23,apple
98.3,51.61,150.15,20.17,62.93,9.46,102.7,cotton
24.04,98.72,139.85,33.09,82.4,9.41,139.87,mungbean
70.02,35.26,72.22,13.45,24.3,4.64,289.93,watermelon
57.67,87.72,38.96,29.62,48.66,7.28,202.86,coconut
121.87,132.85,121.15,14.2,82.69,6.71,239.2,watermelon
88.4,116.69,101.74,17.41,35.81,4.43,111.14,coffee
74.55,134.0,150.77,16.03,87.41,4.51,60.46,mungbean
16.16,141.99,93.27,12.35,17.77,9.44,91.88,pomegranate
84.79,6.49,72.73,33.5,82.21,6.22,91.81,cotton
16.41,92.18,63.7,26.22,45.62,4.25,183.27,jute
47.21,62.8,47.29,39.09,15.9,4.79,115.61,coffee
20.0,125.38,58.15,13.46,80.36,5.11,260.07,lentil
96.89,40.25,23.97,15.07,30.16,6.57,296.79,orange
28.88,142.34,74.37,20.73,11.78,5.51,116.12,blackgram
54.86,90.92,12.31,36.81,20.86,6.23,217.42,muskmelon
125.39,116.1,42.28,20.7,62.73,4.5,204.1,rice
28.6,16.98,154.35,24.29,88.22,5.46,74.45,jute
71.09,30.68,70.09,20.56,18.92,3.92,277.04,pigeonpeas
58.7,111.18,138.65,12.81,46.96,8.84,75.84,coffee
2.54,8.08,148.38,42.88,24.45,4.69,226.35,wheat
110.99,119.36,121.24,29.2,69.6,8.04,117.33,mango
9.67,6.95,196.74,37.57,19.44,5.6,122.78,jute
66.4,97.0,9.29,33.04,29.19,6.35,147.53,pigeonpeas
78.49,56.11,152.73,28.0,25.71,5.25,262.06,blackgram
87.98,90.61,196.76,13.14,54.2,7.68,59.27,grapes
96.41,102.44,177.45,32.5,79.85,8.57,35.28,cotton
35.46,52.95,38.58,15.44,50.89,5.22,132.57,mothbeans
1.4,20.11,70.36,24.5,14.66,4.95,35.56,coffee
101.28,14.75,39.49,32.02,55.07,7.59,212.53,kidneybeans
74.99,87.45,125.26,37.38,73.8,4.67,232.89,mothbeans
117.06,77.89,147.44,33.98,20.57,7.34,259.32,maize
114.99,108.91,68.41,33.5,15.82,4.07,228.28,coffee
118.07,76.36,112.9,15.22,25.02,7.22,276.58,mango
67.91,64.14,143.18,22.11,69.69,6.58,229.52,jute
46.71,60.73,89.27,11.5,57.33,4.18,282.1,banana
110.82,8.7,175.8,35.18,53.25,7.39,74.07,pigeonpeas
63.18,51.98,159.31,43.34,29.96,6.18,159.96,wheat
25.68,141.64,17.93,19.24,36.58,4.8,298.3,watermelon
119.7,127.3,129.23,13.07,87.27,5.62,210.84,watermelon
123.56,51.11,52.07,26.64,29.25,6.45,266.02,orange
65.28,87.29,116.5,39.98,82.13,4.05,28.51,coffee
10.6,123.62,196.38,29.32,56.44,9.25,264.09,apple
54.3,66.78,180.81,11.64,19.86,7.49,215.36,maize
112.5,7.51,85.9,44.1,47.38,4.12,67.81,jute
126.25,15.43,63.3,39.0,85.88,8.44,27.19,maize
28.49,76.45,51.88,14.61,43.49,5.44,92.78,blackgram
9.38,140.72,111.5,42.26,79.07,7.08,276.42,lentil
122.83,102.05,27.85,25.77,30.51,5.16,207.08,banana
54.52,14.93,114.86,23.02,55.67,7.9,277.45,coffee
75.85,31.51,5.27,26.14,77.51,7.84,144.92,rice
135.53,112.99,69.77,39.21,83.66,6.81,282.26,chickpea
9.32,122.8,48.99,33.08,48.87,4.95,149.63,cotton
90.76,91.48,199.24,12.07,61.18,5.02,77.19,coffee
10.37,95.22,150.45,43.52,10.24,5.8,62.39,coffee
52.57,8.97,74.93,15.17,30.26,4.37,298.27,kidneybeans
112.53,120.99,23.57,36.09,32.3,5.53,113.48,apple
60.69,115.36,108.36,32.26,17.48,7.61,64.81,cotton
139.61,41.26,47.69,16.56,32.38,8.49,22.35,kidneybeans
78.27,104.21,112.29,15.98,35.69,5.5,99.96,chickpea
44.96,35.08,172.07,40.46,87.5,4.9,268.95,jute
30.82,10.65,128.16,24.69,63.49,8.5,169.52,watermelon
49.07,33.16,131.76,32.91,44.08,8.84,197.08,lentil
52.15,30.01,113.21,27.64,89.04,5.96,278.27,kidneybeans
9.62,52.28,190.45,35.46,22.26,3.66,163.6,grapes
51.74,63.58,191.38,26.77,48.08,7.67,254.72,cotton
64.99,76.2,107.54,20.06,61.76,8.2,110.67,mango
101.18,71.75,66.15,22.72,14.45,3.61,293.59,papaya
91.94,42.89,96.92,40.07,67.36,7.07,42.07,mungbean
99.23,9.08,42.31,26.38,17.99,7.03,222.95,banana
1.17,89.71,132.27,17.47,21.22,5.77,204.96,coconut
30.47,60.4,105.02,42.71,22.78,8.0,73.67,papaya
92.64,46.81,25.66,37.88,84.31,6.07,128.88,papaya
67.76,126.37,44.53,11.95,64.66,7.56,107.59,pigeonpeas
0.74,109.54,100.93,44.96,62.43,6.6,46.46,mungbean
112.63,125.09,182.52,34.32,54.44,4.99,183.74,lentil
108.19,74.3,118.28,15.61,33.42,7.14,298.23,cotton
76.78,23.33,141.31,18.3,59.67,7.92,176.68,apple
9.3,102.47,72.81,34.24,42.81,9.34,172.67,rice
107.31,33.85,119.28,37.29,21.63,5.78,31.29,papaya
81.72,66.77,94.48,18.37,65.17,3.89,58.98,banana
109.47,14.1,136.83,18.99,20.37,9.43,163.7,jute
105.24,120.54,15.12,20.75,25.25,7.24,295.85,wheat
112.42,22.63,103.66,30.93,75.42,9.18,265.45,apple
72.52,131.43,64.2,16.01,62.81,4.12,115.26,mothbeans
19.65,125.99,70.24,13.65,60.48,5.55,172.04,grapes
93.96,70.04,197.18,33.76,43.46,4.3,174.76,grapes
86.87,109.21,41.54,37.27,41.7,8.51,211.9,banana
103.92,91.72,67.25,27.53,65.22,8.78,212.58,muskmelon
23.78,117.43,106.98,22.73,69.2,6.51,241.14,orange
27.3,65.45,177.61,25.12,50.82,4.62,26.99,mungbean
124.66,115.01,88.33,23.59,87.54,4.26,284.23,wheat
105.0,69.74,153.77,43.6,86.46,7.03,39.62,pomegranate
127.15,136.74,176.27,36.88,42.99,6.54,153.32,rice
106.22,73.09,67.0,17.28,75.65,7.67,277.48,lentil
83.6,69.77,83.55,23.45,53.46,5.33,156.55,orange
91.58,114.91,76.31,29.04,50.94,5.91,37.82,muskmelon
124.48,120.02,171.57,31.45,14.4,3.63,84.19,wheat
81.03,82.63,13.87,26.39,55.92,7.16,182.03,coffee
88.53,30.17,66.68,38.35,82.05,6.04,44.6,apple
21.91,70.49,140.88,36.87,72.41,9.02,138.63,muskmelon
66.35,140.53,118.09,27.68,72.91,7.35,112.15,papaya
100.3,110.42,92.26,39.91,22.79,5.89,248.26,kidneybeans
37.93,118.56,112.99,36.29,38.68,5.08,50.84,coffee
28.32,9.6,44.52,37.25,28.66,8.93,211.18,pigeonpeas
43.94,70.5,91.14,43.47,35.27,3.6,133.84,apple
33.81,95.53,105.34,19.33,56.36,5.46,184.57,muskmelon
30.09,121.2,185.24,19.37,39.18,9.16,77.55,muskmelon
59.48,11.9,57.17,41.11,54.86,7.42,190.72,mothbeans
127.1,124.34,178.57,37.03,45.08,6.7,208.71,muskmelon
70.99,81.78,133.85,42.43,32.93,4.72,39.66,blackgram
26.31,32.62,9.07,12.21,17.63,8.5,250.82,coffee
10.78,49.42,149.93,31.97,81.35,4.73,261.15,pigeonpeas
97.46,44.47,12.11,15.06,10.91,4.99,37.8,muskmelon
53.59,79.32,204.48,27.64,10.13,4.65,188.89,blackgram
115.06,12.24,179.53,15.45,76.14,4.45,186.32,chickpea
92.33,27.2,64.47,14.48,89.74,9.22,23.49,jute
111.47,118.78,56.48,10.43,68.17,7.11,115.86,pigeonpeas
38.07,23.56,81.29,32.06,11.22,7.33,291.3,grapes
96.93,37.68,76.23,22.57,28.14,9.23,175.53,maize
36.97,68.47,79.47,13.68,87.75,4.88,281.3,coffee
131.47,77.4,68.66,21.3,74.69,3.54,209.18,apple
89.09,111.91,129.23,15.91,55.34,7.09,27.95,pomegranate
45.43,67.63,37.85,42.96,28.95,6.55,41.76,mungbean
37.73,115.58,174.2,21.2,11.15,6.37,222.21,mungbean
26.73,91.57,167.48,21.69,11.67,3.87,175.28,chickpea
97.25,20.83,100.3,39.4,58.96,6.23,55.6,watermelon
30.62,26.89,175.55,32.67,11.75,5.23,191.94,muskmelon
83.34,66.18,54.43,34.86,89.49,5.15,246.88,jute
37.05,60.56,8.51,32.26,24.67,4.83,230.84,pomegranate
92.68,109.1,128.84,43.12,66.86,5.5,88.93,mothbeans
114.09,86.3,96.58,17.25,22.4,5.62,92.29,orange
108.92,59.34,118.43,44.62,53.21,5.35,290.99,pigeonpeas
106.52,28.91,184.87,39.08,16.45,9.37,268.47,chickpea
26.28,36.76,198.99,30.61,71.34,9.1,109.13,kidneybeans
12.37,85.57,131.89,33.18,56.79,6.95,250.74,maize
97.85,64.28,157.81,32.71,16.89,9.39,65.29,pigeonpeas
51.57,77.09,21.76,12.04,77.89,9.45,75.12,grapes
60.53,28.89,37.14,17.63,53.76,5.64,70.73,rice
4.36,97.81,151.64,43.65,83.73,6.17,44.56,coconut
36.34,124.36,91.27,28.7,83.33,9.25,259.31,grapes
4.71,41.11,94.19,23.24,83.64,7.15,182.07,pigeonpeas
123.09,73.81,66.72,36.67,16.22,4.78,92.51,maize
34.08,141.57,126.47,28.36,19.68,7.64,257.62,apple
78.03,51.65,42.03,10.46,89.02,4.73,244.74,jute
5.46,88.31,130.38,35.77,49.01,5.54,48.27,grapes
93.36,17.63,39.76,35.63,29.06,4.87,200.36,papaya
45.22,89.84,17.77,15.78,71.57,4.97,222.11,mothbeans
125.71,17.55,71.07,43.48,31.14,3.53,220.43,pomegranate
124.34,139.29,51.23,17.84,68.18,8.78,222.48,mothbeans
45.54,105.19,182.8,26.02,76.98,5.28,67.45,mango
126.13,115.34,15.99,14.02,72.74,4.02,108.22,coffee
139.46,103.57,40.32,31.11,31.92,4.02,256.37,cotton
115.56,87.56,114.74,23.14,42.13,6.84,271.55,grapes
118.28,67.99,101.21,22.36,43.06,9.46,98.17,pomegranate
34.86,125.17,14.17,38.94,49.3,4.37,26.45,mungbean
80.74,138.96,6.45,10.33,23.39,4.1,260.73,banana
9.42,74.87,202.61,37.93,46.2,6.13,125.59,watermelon
13.29,135.41,136.77,30.0,50.86,6.88,112.25,lentil
139.84,86.67,78.08,44.51,52.54,5.27,117.16,jute
45.73,80.37,99.09,30.63,75.59,5.32,136.39,wheat
104.75,68.63,58.31,11.94,51.39,6.05,125.91,mango
112.93,34.3,73.97,11.77,28.46,5.38,178.6,lentil
120.12,5.52,134.81,40.91,63.05,8.99,42.1,apple
139.67,38.81,181.56,39.44,73.79,3.75,292.03,jute
33.81,76.36,41.83,22.11,35.55,4.91,282.21,lentil
5.65,58.19,173.07,31.63,61.62,8.35,281.63,jute
57.57,67.79,29.31,27.14,21.76,8.5,266.2,pigeonpeas
18.21,142.29,48.0,43.85,37.35,4.17,204.89,coconut
3.14,54.04,12.44,43.25,82.74,9.34,81.91,rice
50.46,68.31,33.16,44.43,82.9,7.66,33.86,apple
109.72,23.69,188.46,40.33,56.03,5.14,47.81,rice
79.27,11.71,96.89,41.83,66.19,6.24,110.72,kidneybeans
43.79,113.56,20.53,17.6,78.32,5.28,161.09,watermelon
91.61,84.9,196.95,39.09,86.68,4.4,298.11,coffee
32.48,111.5,180.8,34.81,49.19,5.25,141.92,rice
2.01,25.98,155.94,43.7,54.93,6.98,166.9,apple
107.01,85.06,191.69,29.99,43.25,8.46,214.64,grapes
87.32,40.51,49.03,12.98,15.76,5.68,70.61,mango
106.72,36.93,172.27,30.91,43.82,5.59,281.19,pomegranate
5.45,6.61,143.0,34.03,73.25,6.31,168.13,banana
117.2,23.25,178.95,17.71,74.39,7.37,97.35,pigeonpeas
86.73,48.3,164.38,23.79,81.39,8.01,281.83,pomegranate
78.88,21.36,74.3,30.95,14.12,5.46,195.13,wheat
87.45,143.02,159.88,23.09,52.17,7.02,155.43,orange
121.02,48.21,57.49,23.12,18.59,5.84,182.44,banana
82.17,23.25,70.72,14.66,26.06,7.8,229.52,coffee
81.33,32.87,26.58,42.93,82.02,4.49,63.27,watermelon
138.7,87.28,192.02,36.27,49.74,5.04,262.15,blackgram
105.94,13.97,63.2,10.04,70.68,6.06,288.66,mungbean
61.92,125.74,109.12,36.8,15.15,8.84,178.76,orange
99.04,139.61,83.27,35.89,43.35,6.94,211.04,muskmelon
54.49,39.54,196.99,10.34,63.94,9.29,260.75,coffee
32.04,68.01,72.01,22.94,20.67,4.12,124.95,cotton
83.56,8.1,160.71,31.24,36.07,6.26,297.99,lentil
129.95,94.7,176.08,25.85,15.16,6.01,210.54,banana
130.08,62.95,92.12,37.23,62.11,7.1,138.72,coconut
47.87,42.81,80.63,24.89,87.67,8.37,209.65,banana
73.87,33.96,154.55,15.39,76.16,8.55,166.07,lentil
29.63,96.56,187.58,44.17,87.97,7.52,51.26,grapes
139.39,63.27,155.99,18.47,77.65,7.35,242.84,chickpea
137.36,30.15,50.43,35.12,78.42,9.19,178.03,watermelon
90.93,101.48,182.66,15.01,56.17,5.8,242.84,coconut
112.62,84.11,82.52,21.52,51.46,8.5,63.38,blackgram
100.11,125.21,120.25,25.47,42.5,9.03,170.74,mothbeans
83.04,21.45,171.29,16.73,75.45,6.45,234.65,mothbeans
7.47,114.99,42.68,25.75,24.57,7.87,296.73,coconut
63.67,99.29,161.9,15.5,14.5,5.76,267.63,blackgram
94.47,21.1,124.23,29.57,85.83,4.45,262.02,lentil
94.85,102.27,183.67,33.23,10.3,7.02,89.29,coconut
52.24,66.82,39.39,12.19,88.15,4.68,254.64,mango
131.84,137.3,89.14,40.49,68.31,6.25,67.4,pigeonpeas
23.43,24.83,171.57,16.48,36.28,8.74,75.47,chickpea
70.05,95.0,8.85,17.89,65.83,4.02,50.83,apple
96.72,58.48,27.44,33.15,75.43,3.68,260.13,cotton
97.6,138.95,203.11,26.41,29.63,7.14,50.31,grapes
90.81,51.2,61.08,27.48,71.67,5.49,58.67,maize
38.54,139.71,200.11,14.49,74.35,6.01,88.85,rice
21.87,131.21,41.51,38.2,29.95,5.93,180.35,orange
89.03,42.85,77.22,31.6,13.35,4.02,266.45,wheat
83.9,117.5,155.57,14.74,26.33,3.52,137.1,mungbean
25.11,144.38,136.56,23.09,26.05,8.89,172.96,muskmelon
98.72,40.37,121.22,38.36,15.22,4.81,66.62,chickpea
63.72,66.15,110.98,29.89,68.08,6.06,94.46,papaya
93.49,77.83,173.69,13.8,40.4,9.33,57.5,coconut
117.23,46.29,51.99,23.05,80.75,8.46,134.78,lentil
23.76,7.14,93.49,18.49,30.17,4.15,185.29,apple
2.68,35.82,36.09,28.11,46.26,6.55,99.53,apple
109.07,44.47,124.19,39.52,61.12,7.88,256.88,cotton
85.36,67.1,55.11,25.27,80.2,7.69,294.75,mothbeans
97.95,28.95,71.77,25.17,51.97,8.07,53.64,blackgram
117.34,127.26,99.25,41.69,39.88,6.24,25.0,mothbeans
112.39,103.69,10.35,30.17,79.36,4.56,241.14,cotton
134.53,16.93,23.39,29.82,34.82,6.29,73.38,maize
75.03,96.01,142.19,19.17,16.35,7.39,118.88,banana
68.39,96.51,90.79,31.27,45.6,7.15,130.38,coffee
56.26,138.87,177.96,30.16,72.81,3.92,276.65,chickpea
21.52,5.42,143.93,23.89,12.46,3.89,204.47,apple
80.17,39.71,6.62,44.67,56.87,9.29,31.37,maize
38.78,134.89,128.34,40.87,57.56,4.41,24.15,pomegranate
128.98,135.5,23.74,36.24,84.28,5.27,75.88,mungbean
81.65,105.88,161.19,28.81,32.92,8.11,109.09,wheat
83.0,112.21,203.3,26.17,32.31,5.96,155.67,grapes
49.69,17.81,111.24,16.47,45.24,4.59,254.6,chickpea
7.28,76.94,141.56,20.7,38.55,6.3,108.15,muskmelon
4.44,37.42,52.46,37.09,68.91,6.91,125.43,grapes
59.27,30.37,92.52,25.88,61.34,6.22,112.21,mothbeans
11.84,118.44,176.22,40.88,70.71,9.01,22.51,lentil
84.96,23.91,38.48,15.18,75.6,5.21,287.46,banana
123.34,70.61,58.11,27.79,83.84,7.47,58.92,coffee
123.61,136.4,94.09,32.64,44.47,4.17,100.55,mungbean
92.27,31.02,147.45,28.09,88.78,5.85,56.2,coffee
29.57,141.92,80.18,41.12,27.25,7.95,157.35,pomegranate
120.82,144.2,190.55,44.63,67.15,4.85,281.01,coconut
124.05,82.79,23.89,14.05,52.72,7.04,48.2,mango
27.53,28.82,79.16,14.55,75.35,4.42,143.45,banana
103.24,49.25,146.79,14.56,48.14,4.12,26.26,mothbeans
40.11,64.43,50.2,33.84,72.72,6.64,235.85,cotton
112.37,48.31,136.28,23.04,84.41,7.55,199.54,banana
139.61,44.29,37.84,35.67,68.58,4.18,215.92,lentil
4.2,141.11,16.2,24.19,72.09,9.01,152.25,mothbeans
125.63,26.47,29.2,31.97,15.37,4.85,274.14,papaya
87.17,107.67,191.0,36.95,26.4,4.22,134.68,mothbeans
136.27,5.06,115.35,29.19,87.94,4.72,163.94,coffee
65.1,88.47,164.27,28.88,65.45,4.52,214.68,orange
118.63,133.23,71.53,13.09,54.92,4.04,165.76,coffee
8.74,45.31,123.53,24.38,39.36,8.29,73.01,banana
46.94,30.97,103.99,29.1,13.55,6.47,108.78,chickpea
9.38,96.24,194.15,26.17,39.53,5.83,45.84,rice
136.55,104.76,154.51,41.53,49.91,9.2,141.13,kidneybeans
114.38,101.32,151.11,41.73,26.92,5.73,190.63,lentil
119.36,49.7,14.27,38.77,23.85,4.5,53.19,mothbeans
131.32,40.31,114.93,23.14,50.67,5.14,196.56,coconut
11.91,138.83,98.4,35.11,56.87,4.93,270.0,mothbeans
53.98,134.26,190.57,23.84,29.19,6.49,114.56,mango
9.94,69.02,56.47,18.14,56.99,5.25,82.17,grapes
29.51,123.47,58.97,22.0,82.03,6.6,270.04,kidneybeans
32.11,68.33,87.27,12.48,47.85,7.52,213.74,cotton
65.68,64.41,53.67,21.61,78.59,8.16,49.51,wheat
37.6,26.95,30.84,26.13,84.18,7.76,134.27,grapes
14.14,64.7,176.48,43.44,17.39,4.73,208.75,cotton
23.45,80.24,116.66,20.97,17.66,4.2,180.83,mungbean
20.62,8.15,177.27,41.59,48.08,6.75,193.19,coconut
136.23,67.18,171.23,18.01,57.05,4.69,178.8,wheat
106.3,114.39,61.41,16.68,44.07,4.01,243.46,mungbean
135.49,100.21,114.55,28.16,36.12,6.66,109.72,coconut
61.56,93.92,21.64,33.54,61.28,5.46,218.37,kidneybeans
38.97,132.34,188.05,11.55,10.17,8.04,297.5,banana
111.76,7.52,85.85,17.74,87.45,5.39,129.19,mothbeans
45.68,82.99,83.74,25.95,28.57,9.37,241.49,cotton
41.91,115.23,65.55,21.59,83.37,8.05,88.91,mango
32.55,80.79,97.13,34.94,18.72,3.85,98.93,watermelon
18.16,50.35,55.35,27.89,29.05,6.55,281.76,lentil
35.9,24.08,79.97,15.61,28.79,6.88,27.26,chickpea
49.74,129.26,164.99,41.31,89.69,7.67,80.88,muskmelon
94.36,70.91,171.85,20.25,10.37,6.49,155.22,mothbeans
8.76,127.94,65.84,35.59,61.17,6.4,132.52,mango
29.47,87.02,98.8,37.3,79.57,5.71,196.17,chickpea
113.26,99.39,179.76,43.71,63.78,5.13,73.96,banana
20.57,117.6,15.53,27.45,39.02,9.18,39.75,coconut
47.97,97.28,182.83,31.55,86.66,5.41,123.41,wheat
121.05,60.73,48.84,21.72,81.48,3.88,166.82,kidneybeans
21.69,76.91,140.71,33.74,44.72,4.5,177.36,mungbean
11.58,117.43,121.51,26.22,55.87,8.64,188.42,chickpea
67.84,57.31,115.59,25.32,87.4,7.02,173.63,wheat
42.34,59.34,176.87,39.94,88.6,8.17,88.81,pigeonpeas
78.88,18.4,25.31,11.76,45.99,8.35,234.07,maize
112.53,133.04,74.41,40.87,77.79,8.44,44.58,grapes
19.2,17.75,112.65,39.82,34.16,6.8,75.54,lentil
81.3,95.75,167.26,27.72,39.75,4.56,227.03,pomegranate
70.77,62.85,48.29,27.16,23.19,4.39,98.32,kidneybeans
20.17,61.79,165.59,22.66,26.73,6.94,158.17,jute
87.36,100.14,84.93,44.8,62.55,5.7,111.62,muskmelon
38.31,14.39,42.78,13.89,50.86,6.85,161.95,blackgram
68.3,88.12,156.8,30.66,28.49,6.49,117.06,cotton
11.52,113.08,23.18,33.86,42.23,7.11,298.38,muskmelon
64.34,120.95,107.95,42.7,39.85,3.69,120.09,blackgram
42.9,28.87,17.78,37.31,88.99,3.7,195.57,apple
115.13,130.64,76.28,32.53,78.29,7.83,268.74,banana
7.98,96.86,125.22,14.09,41.04,4.66,198.62,watermelon
58.61,128.46,116.22,23.08,83.11,7.41,178.44,lentil
64.18,72.94,85.93,14.86,37.41,6.78,179.38,chickpea
101.5,80.88,90.81,40.84,63.43,9.39,159.01,apple
80.4,133.67,50.35,36.24,87.33,8.51,246.12,orange
93.41,130.99,96.18,36.51,41.22,5.98,34.12,orange
108.79,67.74,195.65,32.83,64.39,7.2,267.84,lentil
120.71,43.42,175.09,27.75,33.67,4.2,184.16,pomegranate
43.94,60.04,34.05,15.25,31.3,5.82,257.68,cotton
75.32,59.29,10.96,21.54,55.93,7.9,22.91,rice
117.62,45.16,191.7,14.79,88.34,7.24,263.4,lentil
138.52,42.6,110.35,35.37,46.25,6.41,53.64,maize
124.53,125.55,112.57,15.61,85.01,4.56,221.94,pigeonpeas
52.01,14.78,161.14,34.57,83.15,8.32,136.63,apple
27.32,99.87,67.94,34.23,30.3,5.14,210.7,banana
68.51,29.19,101.38,26.08,42.15,8.42,195.89,pomegranate
103.83,53.23,198.73,14.73,61.46,7.17,65.75,apple
68.96,13.62,139.43,21.02,51.44,5.74,164.09,maize
67.65,42.8,35.75,21.2,17.68,3.74,97.62,blackgram
117.35,112.58,31.65,34.51,89.5,4.89,176.92,orange
50.6,128.9,45.85,13.98,70.21,8.83,226.64,pigeonpeas
120.37,36.01,158.34,39.02,45.02,8.41,42.75,maize
56.95,69.9,64.08,36.64,59.45,6.95,164.41,pigeonpeas
45.95,70.85,9.28,16.52,17.01,6.3,192.94,pomegranate
63.56,127.3,193.83,35.17,49.62,7.38,102.7,pomegranate
106.74,111.79,38.94,33.4,84.47,6.3,286.84,mothbeans
17.64,76.83,6.91,36.18,81.73,7.37,165.68,mango
27.5,98.9,52.43,16.61,36.99,5.34,71.1,mango
133.2,123.63,52.01,15.52,52.51,8.53,50.18,mothbeans
24.57,6.34,89.4,18.28,65.79,7.71,171.66,grapes
79.48,61.4,189.08,22.81,37.2,5.48,125.07,wheat
81.1,132.01,180.84,37.78,15.19,8.48,73.91,maize
68.55,108.64,96.38,35.83,50.44,6.42,28.6,chickpea
90.26,81.0,87.18,42.39,58.13,4.55,178.65,mungbean
32.18,79.15,116.0,12.05,10.47,3.97,187.61,cotton
77.37,53.69,53.69,10.4,17.65,7.7,59.7,rice
52.1,77.87,15.44,34.47,26.58,8.69,188.49,blackgram
92.63,96.75,192.84,19.78,37.84,8.34,286.55,apple
19.77,63.57,42.34,21.69,53.28,7.43,293.92,orange
79.92,104.98,44.68,29.14,33.51,4.35,268.78,mothbeans
25.94,125.57,99.49,13.58,32.09,4.06,245.98,maize
39.01,26.66,103.32,32.49,79.55,5.57,78.62,jute
30.62,68.22,8.69,21.38,21.6,8.63,63.8,muskmelon
25.6,62.12,34.59,32.15,49.64,9.27,144.59,mungbean
115.6,101.25,80.63,39.19,86.23,4.95,193.5,kidneybeans
40.0,39.98,141.75,15.99,60.0,8.07,258.19,apple
129.8,94.64,50.68,42.58,67.38,6.94,84.95,papaya
135.79,127.85,89.6,28.57,44.5,3.69,154.3,orange
79.98,63.54,116.47,42.3,11.59,6.76,201.28,jute
20.02,132.54,182.72,17.27,61.69,8.34,144.77,kidneybeans
52.44,144.04,70.21,31.16,60.55,5.16,147.17,mothbeans
111.68,19.85,31.71,24.14,18.83,8.88,83.03,orange
51.43,37.63,102.85,37.1,46.97,4.92,296.27,mango
12.18,138.05,154.34,31.21,83.23,3.96,153.05,jute
77.95,139.17,26.97,27.31,26.41,4.46,169.17,pomegranate
118.32,18.68,89.94,41.95,46.89,8.52,81.2,kidneybeans
111.43,7.1,8.56,23.2,46.89,6.0,163.96,jute
24.52,27.55,11.71,17.7,74.86,8.28,91.5,watermelon
94.19,144.44,101.59,31.28,75.97,6.69,76.65,cotton
30.87,30.2,64.64,31.84,70.74,6.38,97.2,mothbeans
30.55,75.36,174.02,25.37,39.24,8.34,20.77,kidneybeans
122.37,123.78,125.43,27.03,15.76,6.04,179.64,mothbeans
34.95,7.86,95.79,43.58,37.96,8.31,128.49,apple
36.85,89.63,86.59,35.64,64.38,4.1,271.63,blackgram
0.09,43.78,104.45,13.87,66.22,7.32,31.4,pigeonpeas
121.89,125.73,13.09,17.42,87.2,7.72,32.1,blackgram
110.96,44.68,183.56,44.15,46.29,8.89,268.04,apple
87.83,101.15,204.66,35.43,60.59,4.85,55.46,wheat
105.04,99.39,41.3,42.03,53.14,7.13,20.6,coffee
21.29,36.01,29.08,20.64,22.05,6.1,70.1,coconut
64.17,9.87,33.72,35.97,46.9,5.8,250.69,mango
49.17,62.29,137.21,34.99,53.59,4.14,244.76,apple
13.13,45.49,137.29,20.31,86.06,4.31,115.24,cotton
68.06,118.26,174.58,29.28,39.32,8.52,207.05,coconut
128.9,117.05,155.37,31.96,88.41,8.0,162.03,pigeonpeas
5.61,68.98,94.94,26.84,53.38,5.79,273.33,coffee
40.8,89.91,127.57,38.95,29.4,8.47,35.8,papaya
29.06,89.6,142.66,39.15,25.33,3.98,247.69,pigeonpeas
33.34,120.8,107.55,39.77,21.34,7.25,67.77,wheat
127.18,64.5,100.13,38.12,46.23,8.71,129.65,mango
65.53,43.56,134.02,27.08,11.75,8.53,73.75,coconut
65.28,42.1,116.49,23.35,45.6,5.74,216.73,lentil
106.48,80.07,133.79,39.1,89.07,7.97,209.93,blackgram
21.63,67.88,127.57,27.16,63.61,6.06,173.41,mango
68.22,66.62,148.84,18.62,70.78,8.54,215.49,mothbeans
60.2,17.76,133.56,27.76,19.52,6.68,199.08,orange
83.57,105.6,108.95,14.96,47.85,8.09,237.4,jute
139.94,34.92,141.36,34.21,32.9,3.97,87.03,grapes
107.72,32.57,94.9,21.76,81.53,7.04,140.1,chickpea
55.7,62.79,53.33,19.12,24.5,6.8,62.46,mungbean
115.86,36.89,5.28,43.48,46.7,7.16,140.29,banana
23.9,86.74,116.99,37.19,57.04,7.67,216.47,mungbean
4.26,57.0,123.13,37.55,51.12,9.01,213.59,muskmelon
28.62,67.85,199.41,31.83,76.42,8.21,218.64,rice
47.66,80.2,77.3,39.37,28.52,4.82,106.45,lentil
71.48,33.49,83.83,36.57,40.19,8.46,205.42,mothbeans
86.12,26.81,45.36,30.96,73.37,4.23,122.89,grapes
127.48,128.26,19.11,43.64,52.25,7.23,284.46,apple
71.38,65.72,159.56,16.71,42.17,8.8,116.14,papaya
70.18,62.69,54.94,43.02,12.36,4.11,188.85,kidneybeans
7.03,9.99,126.78,24.05,70.27,8.6,230.04,papaya
4.89,74.72,142.55,28.49,87.77,8.29,273.79,maize
77.16,82.58,99.25,14.3,59.62,6.52,142.62,rice
61.35,83.24,180.27,28.9,78.52,5.35,120.94,mungbean
117.49,103.98,93.76,31.39,51.35,5.93,140.41,blackgram
22.5,29.85,61.98,44.92,28.53,9.31,110.63,kidneybeans
3.5,40.31,184.2,44.13,11.16,4.71,203.1,rice
62.87,118.5,177.31,43.82,62.27,6.98,281.16,apple
33.25,137.6,37.81,22.19,49.45,4.0,55.3,grapes
6.95,24.03,10.19,44.69,72.57,4.81,177.06,apple
101.44,74.67,23.0,25.94,65.57,8.08,271.34,blackgram
15.62,34.98,62.31,39.81,89.04,5.32,48.03,maize
85.16,13.41,199.45,17.57,50.83,9.41,158.28,maize
39.35,50.57,116.7,27.7,44.17,6.5,262.26,mango
24.29,25.12,79.65,43.81,32.94,6.6,272.13,coconut
53.17,104.39,182.74,43.15,48.15,3.72,164.02,kidneybeans
112.2,79.72,95.63,33.93,79.83,9.24,26.99,pigeonpeas
54.89,25.14,68.05,37.92,13.4,4.55,49.58,grapes
105.11,6.29,193.24,16.17,88.23,6.73,184.28,pigeonpeas
17.57,118.14,174.9,35.26,89.46,5.87,54.68,apple
108.19,29.67,173.73,31.63,57.83,5.99,61.84,blackgram
33.17,89.87,107.46,13.2,36.52,7.36,236.19,chickpea
94.84,52.17,162.89,13.96,27.84,7.47,230.19,coffee
79.21,86.97,40.87,13.8,32.12,4.43,255.98,watermelon
130.08,49.19,119.64,35.35,14.01,6.5,49.61,jute
54.23,17.17,201.77,14.96,48.01,8.24,75.48,orange
9.26,36.21,63.19,26.37,14.59,6.16,253.23,watermelon
2.68,31.33,163.87,22.49,67.48,4.49,221.9,orange
115.76,64.92,103.1,29.27,39.75,5.38,245.67,mothbeans
73.46,97.16,12.96,34.73,25.95,4.77,297.13,watermelon
108.53,41.93,157.6,33.97,53.59,4.25,262.04,kidneybeans
32.82,6.69,38.71,28.04,87.9,5.77,165.73,coffee
48.31,77.65,131.29,26.25,65.61,6.75,107.02,pomegranate
4.21,89.81,22.13,23.92,49.34,3.94,179.51,grapes
134.61,139.8,194.37,40.17,72.15,7.12,198.8,mungbean
93.5,87.53,63.34,21.58,69.0,9.46,113.89,chickpea
130.65,70.96,50.29,19.08,81.34,9.28,235.86,lentil
37.17,85.28,30.83,36.02,26.37,8.48,45.97,mothbeans
85.6,134.91,194.2,22.59,78.71,5.1,238.23,rice
94.99,120.97,147.38,39.64,34.08,3.63,28.96,coconut
44.46,50.22,153.33,21.48,85.28,8.5,159.43,banana
118.74,38.22,104.88,34.57,32.49,3.83,261.2,mango
132.6,41.77,99.95,11.58,84.15,4.73,44.22,muskmelon
123.88,75.62,27.0,23.49,87.1,6.77,164.97,grapes
103.47,109.17,116.97,22.01,21.64,4.57,64.63,mango
38.85,75.45,54.38,38.58,87.96,8.5,270.55,kidneybeans
39.43,14.49,200.43,43.85,16.86,8.16,253.06,grapes
134.87,106.3,164.32,26.13,27.49,8.03,281.5,mango
1.44,117.84,87.6,38.87,45.53,8.4,265.0,grapes
100.25,45.53,35.27,34.49,89.49,4.82,226.23,banana
98.87,97.98,162.07,43.86,49.09,7.87,71.77,coffee
87.18,64.72,29.41,38.39,54.03,5.63,104.7,jute
138.62,129.48,42.87,12.71,65.55,7.5,159.12,coconut
43.66,123.33,47.3,34.96,87.46,4.23,184.89,watermelon
47.6,78.56,116.38,28.74,72.67,7.73,239.01,papaya
11.05,101.81,162.41,10.58,27.93,9.33,83.55,pomegranate
61.99,128.67,67.86,18.8,34.24,3.76,55.92,jute
36.55,74.4,21.93,42.26,17.81,4.06,155.13,watermelon
48.07,48.86,97.91,42.41,61.56,4.24,64.2,cotton
116.84,110.51,154.62,37.96,24.46,6.08,214.25,banana
130.97,35.81,49.33,44.36,30.59,5.24,181.18,papaya
26.0,59.39,48.98,38.23,81.05,8.34,227.51,muskmelon
52.15,126.2,194.45,10.36,36.14,6.34,37.76,chickpea
130.01,106.42,195.83,20.07,55.33,6.41,290.12,orange
8.65,61.53,203.09,11.07,41.81,7.8,20.0,blackgram
12.93,35.06,166.53,13.29,15.92,5.67,111.12,muskmelon
22.79,54.84,42.64,17.66,39.03,5.62,210.3,mothbeans
83.33,44.77,47.4,27.62,42.65,8.04,32.64,papaya
21.07,29.65,73.05,39.66,81.66,8.18,43.34,pomegranate
135.53,109.07,68.63,40.17,35.96,3.59,41.47,apple
62.54,40.29,196.31,31.57,40.34,4.36,182.82,cotton
70.21,68.58,162.81,42.49,72.63,4.78,270.86,kidneybeans
34.53,59.02,149.8,27.5,70.72,5.61,175.52,banana
65.93,142.49,42.19,41.12,73.86,5.25,189.0,papaya
92.67,59.75,186.91,25.89,86.3,7.51,116.88,wheat
105.16,16.2,170.57,19.7,73.64,8.47,25.25,rice
105.54,17.58,37.73,42.07,42.61,4.65,26.05,chickpea
80.9,87.71,179.23,23.58,75.72,6.88,268.73,pomegranate
126.61,88.91,59.45,27.62,50.69,5.71,48.72,orange
114.44,63.63,21.17,21.51,32.22,6.53,299.94,cotton
105.99,65.46,136.36,33.2,34.23,7.22,66.04,muskmelon
7.78,12.55,135.76,44.83,27.91,8.86,208.9,lentil
0.96,77.32,23.99,10.89,21.6,4.65,285.71,banana
29.74,75.66,68.77,41.49,24.76,4.02,121.44,wheat
92.89,25.94,203.56,10.14,15.05,7.26,225.64,rice
57.57,19.54,140.69,22.75,81.08,5.86,118.24,lentil
56.34,22.3,151.02,15.9,84.48,4.48,105.38,lentil
123.84,19.14,47.58,36.51,56.94,4.2,76.51,lentil
125.38,90.36,20.76,11.77,77.24,6.85,249.86,wheat
127.28,32.51,60.38,29.37,24.69,5.3,92.07,coconut
43.94,40.2,54.78,20.32,82.13,9.48,99.28,maize
96.75,29.3,51.91,14.68,50.51,5.94,299.71,rice
38.03,139.1,43.55,37.01,15.37,4.77,111.65,orange
26.69,124.65,119.95,17.61,21.31,7.27,138.38,pomegranate
25.85,37.27,70.62,17.83,34.72,4.97,297.22,banana
47.9,50.86,169.07,19.63,13.48,6.46,123.4,rice
60.19,34.38,41.79,30.54,34.74,6.4,122.52,pigeonpeas
116.33,73.86,97.93,33.09,14.79,6.22,251.76,muskmelon
16.78,7.75,7.73,10.62,28.88,8.28,107.34,coconut
102.89,98.99,101.34,18.47,31.25,4.8,85.46,maize
74.4,78.24,16.17,25.08,89.55,8.93,138.5,apple
40.31,130.81,200.54,21.62,28.84,8.25,216.18,muskmelon
68.99,28.01,163.12,40.95,29.13,5.5,32.11,pomegranate
41.99,117.58,103.02,37.57,64.94,4.58,124.7,muskmelon
83.45,115.87,22.32,31.91,78.75,5.18,116.95,banana
60.74,22.81,123.49,21.83,40.96,5.5,88.55,rice
23.02,60.8,156.75,34.52,80.05,6.84,203.2,pomegranate
16.32,28.82,43.14,39.53,37.21,3.78,101.2,coffee
76.54,40.66,118.64,30.82,25.76,8.99,189.88,pigeonpeas
126.34,41.85,167.84,37.46,36.37,4.09,161.21,papaya
48.15,82.87,158.65,36.22,58.75,5.18,80.81,banana
102.62,62.6,165.6,30.01,39.37,4.16,94.64,wheat
92.21,137.68,180.86,20.93,63.83,5.04,67.77,lentil
130.42,22.69,192.54,36.1,28.95,8.53,35.86,papaya
114.94,141.32,86.1,17.24,66.08,7.19,193.37,watermelon
79.32,37.29,118.75,37.28,37.8,4.86,208.38,mungbean
91.98,113.2,163.13,38.16,46.47,8.73,66.48,pomegranate
125.77,52.46,144.43,38.78,54.62,8.3,192.31,coffee
55.93,25.03,204.1,26.55,64.9,8.02,294.98,muskmelon
45.75,125.1,7.74,16.74,29.1,8.59,40.83,mango
1.51,48.24,76.03,13.49,76.88,7.22,157.3,mango
115.72,97.24,61.21,36.02,67.75,6.51,225.25,coffee
112.14,84.3,57.46,41.02,28.73,5.74,32.88,kidneybeans
14.62,71.05,49.51,32.78,88.0,4.84,237.92,banana
80.76,74.41,146.82,15.05,63.18,6.84,294.26,lentil
64.96,107.51,21.95,42.72,46.19,8.84,44.78,papaya
16.62,17.29,153.32,44.62,22.6,7.06,250.22,apple
137.28,98.55,143.69,25.17,52.66,9.02,126.0,rice
30.06,130.41,55.16,30.82,23.18,5.64,60.35,jute
9.41,13.09,55.57,37.2,44.36,7.67,158.09,watermelon
83.28,24.69,130.77,35.77,42.7,7.39,40.03,muskmelon
103.44,105.33,157.43,43.87,67.6,7.52,166.19,coconut
4.54,66.22,180.3,14.02,25.39,7.37,25.42,coffee
92.22,61.5,175.43,30.33,75.75,4.83,224.01,lentil
74.52,24.18,197.98,34.22,36.09,4.36,156.63,lentil
14.46,75.95,121.28,41.15,45.52,9.37,148.5,apple
24.15,22.72,186.73,40.59,71.79,3.77,74.93,jute
79.52,71.73,166.7,44.23,60.03,6.31,121.15,coffee
41.49,111.91,183.93,27.92,34.64,6.05,70.92,apple
131.36,41.16,7.33,39.08,40.9,5.66,225.91,wheat
114.62,72.31,198.18,24.95,34.46,8.19,75.73,blackgram
137.7,143.88,99.71,24.78,57.58,7.97,192.69,jute
36.35,101.13,164.64,18.87,36.61,8.93,98.29,chickpea
135.76,122.79,30.44,38.64,68.06,5.87,203.96,mothbeans
60.37,63.08,84.19,44.5,56.38,6.89,171.33,kidneybeans
48.65,112.5,59.29,18.97,21.66,8.85,138.56,papaya
7.05,10.67,63.33,11.96,34.82,9.46,208.44,chickpea
7.39,22.21,29.65,38.54,27.72,9.32,136.4,orange
96.88,33.43,166.15,31.71,41.23,7.81,249.98,jute
64.11,61.27,6.85,43.59,51.28,4.36,224.29,maize
31.71,123.4,67.5,18.83,50.54,3.64,171.38,coffee
85.96,53.48,39.88,12.49,70.36,8.45,265.58,chickpea
35.4,96.65,122.81,27.24,25.13,8.55,252.08,grapes
80.87,104.3,55.85,12.99,85.72,7.98,168.92,grapes
50.29,87.07,56.8,19.16,37.43,5.18,39.17,apple
115.3,55.01,102.67,14.41,34.02,7.34,178.48,blackgram
114.9,85.79,135.54,17.84,64.81,5.4,119.47,papaya
66.83,52.92,29.26,13.72,74.44,6.2,171.23,maize
49.11,16.74,40.1,43.39,40.28,5.79,201.2,watermelon
50.76,143.99,54.43,19.75,69.75,8.98,200.55,cotton
112.8,22.81,199.75,25.54,80.7,4.9,208.59,rice
45.95,15.13,84.43,41.45,71.34,6.97,210.2,papaya
29.27,127.99,124.8,33.71,12.74,5.67,50.6,chickpea
11.86,47.26,53.31,31.63,76.19,7.48,73.68,grapes
65.34,96.04,103.09,34.69,71.96,6.89,196.55,orange
67.5,51.06,19.82,39.01,63.54,9.04,134.29,banana
117.73,59.8,11.95,40.72,70.8,4.11,233.6,pigeonpeas
30.97,41.7,98.75,32.49,88.35,4.82,54.97,lentil
53.34,53.03,84.73,41.15,44.49,8.1,73.63,chickpea
113.18,62.5,32.38,28.74,15.38,5.71,176.37,muskmelon
115.31,105.86,142.52,19.71,46.87,4.49,160.21,rice
53.85,76.62,203.58,40.8,13.71,6.52,94.59,maize
64.28,137.1,84.13,28.95,33.54,7.41,134.34,mothbeans
42.46,10.86,129.91,41.71,56.95,3.77,29.79,maize
130.56,75.43,197.6,11.41,34.77,5.25,30.37,jute
16.61,86.79,171.31,23.91,64.83,8.36,46.58,watermelon
130.72,133.83,97.71,43.17,75.76,6.62,181.5,pigeonpeas
95.74,11.88,152.5,18.74,43.64,3.71,261.84,muskmelon
74.42,85.29,30.63,42.95,82.01,5.19,92.86,apple
4.57,124.51,107.42,43.39,16.39,7.33,29.5,wheat
66.58,38.87,60.81,40.87,77.21,4.7,218.42,lentil
57.08,127.68,37.23,29.73,76.29,8.46,259.5,pomegranate
22.57,7.67,90.26,32.64,35.76,7.56,58.69,pigeonpeas
91.9,107.54,31.2,40.44,33.9,6.33,128.01,orange
135.96,135.64,144.8,37.16,34.41,8.99,64.45,watermelon
78.71,97.01,96.25,32.05,74.91,5.85,49.78,muskmelon
100.07,66.46,111.23,44.38,76.53,4.91,201.49,mango
9.58,11.28,34.28,34.0,36.38,7.47,290.91,muskmelon
58.47,133.82,32.95,44.14,57.41,6.94,209.89,wheat
16.29,70.84,121.68,12.01,21.11,5.51,295.75,coconut
85.79,9.06,202.0,14.86,47.5,5.56,141.63,banana
131.39,101.57,24.25,25.8,89.9,5.89,271.4,grapes
92.65,72.46,62.15,23.47,22.71,5.25,77.42,mungbean
10.75,22.41,178.89,37.4,85.81,7.76,53.01,pigeonpeas
49.65,35.0,19.45,15.62,75.94,7.41,216.71,grapes
77.09,14.03,180.18,44.16,87.78,6.14,123.99,watermelon
56.45,85.4,109.86,21.03,24.37,5.89,108.95,coconut
116.71,92.08,86.65,25.01,27.08,5.69,207.96,maize
114.05,75.8,66.94,19.62,11.35,5.2,113.38,mothbeans
85.66,119.39,64.42,30.28,67.98,4.01,180.32,muskmelon
52.28,125.54,66.16,12.05,61.53,5.11,103.85,coffee
35.75,91.19,181.96,15.24,24.25,5.43,239.45,wheat
14.82,6.79,149.76,36.1,73.29,6.79,107.47,apple
49.69,102.33,138.94,16.53,33.94,8.14,169.8,pomegranate
57.84,63.52,164.75,18.24,20.8,5.87,26.49,maize
94.62,84.18,56.42,37.75,43.81,9.17,241.68,jute
92.14,95.87,128.61,13.27,17.28,8.46,193.69,coffee
9.82,54.03,97.01,25.31,31.06,9.41,73.83,mungbean
55.34,133.39,161.49,10.81,39.71,8.76,80.3,jute
25.45,23.76,66.85,22.14,78.15,7.2,93.5,coffee
21.95,99.01,133.64,34.46,73.4,7.09,181.43,cotton
115.82,5.61,181.44,13.15,45.42,4.28,173.53,papaya
5.87,134.45,85.43,41.09,67.97,7.83,96.68,orange
58.69,20.75,18.32,41.83,55.49,7.1,214.34,mothbeans
23.55,18.28,108.21,13.67,37.27,6.54,268.93,muskmelon
123.11,51.62,74.19,44.68,68.07,7.66,32.18,grapes
77.99,57.3,139.45,20.41,64.68,6.16,136.82,mungbean
32.39,35.0,195.21,12.94,59.53,6.64,186.19,mango
70.34,86.92,102.12,10.18,59.44,5.89,184.2,maize
102.41,67.01,98.24,24.3,64.64,7.8,25.47,wheat
134.14,9.78,135.92,32.04,40.76,8.76,78.96,mango
30.86,49.75,25.7,21.63,79.53,8.55,37.31,jute
124.07,118.46,55.7,39.29,22.98,8.22,179.31,maize
130.8,101.56,188.8,35.08,80.71,3.58,200.71,cotton
128.3,106.48,138.99,22.26,37.38,8.97,64.73,rice
88.96,102.74,7.69,35.7,20.0,5.15,113.24,wheat
88.17,48.54,45.93,42.92,58.0,8.83,112.35,lentil
56.45,18.95,141.57,13.26,40.08,4.68,249.54,pomegranate
105.34,43.15,157.88,20.71,75.24,6.14,74.5,maize
74.38,121.45,172.97,26.22,44.46,8.0,173.53,mungbean
94.84,142.27,63.44,27.43,63.49,7.34,239.22,watermelon
59.98,74.14,191.21,28.98,34.66,6.0,252.28,kidneybeans
102.41,6.36,115.59,20.52,26.76,7.57,206.64,mungbean
115.43,24.61,144.31,33.35,41.04,6.79,103.87,orange
20.5,50.09,124.35,32.58,58.54,5.15,250.45,orange
116.61,86.0,29.55,30.22,62.56,7.38,227.81,banana
75.64,15.51,197.62,13.98,56.26,4.73,217.25,chickpea
118.25,137.07,29.58,26.69,89.04,7.66,38.85,mungbean
60.38,56.11,55.98,22.47,65.29,3.52,32.11,wheat
53.07,132.76,167.73,27.19,84.52,6.79,214.7,coconut
128.11,114.27,128.72,42.27,19.43,5.91,284.54,maize
35.16,110.76,172.63,26.82,14.91,5.32,236.64,mungbean
118.19,89.94,108.15,10.49,34.88,6.59,252.81,banana
67.76,92.75,80.4,25.36,20.93,7.37,172.6,wheat
71.97,94.32,189.37,38.72,52.07,9.29,105.28,apple
43.19,93.02,12.25,37.3,51.52,8.5,209.77,grapes
80.23,82.52,176.23,27.97,56.0,7.8,219.35,grapes
45.53,143.1,51.16,18.74,69.62,6.37,209.1,pigeonpeas
5.5,107.52,174.75,26.28,87.71,5.85,285.08,mungbean
38.08,113.77,32.84,29.73,80.26,3.7,122.81,lentil
0.89,127.14,121.04,45.0,19.47,5.65,31.1,orange
136.97,35.19,182.62,32.55,37.08,8.59,274.36,rice
135.2,16.73,99.71,34.3,30.47,5.8,64.94,mothbeans
55.32,72.61,154.31,27.2,24.15,6.27,215.25,mothbeans
101.97,76.97,165.93,22.41,53.58,5.13,264.5,mango
48.41,121.09,152.3,38.45,54.26,5.14,106.84,muskmelon
93.95,67.13,190.07,27.32,28.18,3.87,252.52,banana
112.76,84.92,94.37,44.81,66.95,7.18,112.98,papaya
132.55,78.79,39.63,26.0,68.63,6.19,242.39,pigeonpeas
56.03,10.35,14.56,12.38,11.68,7.14,39.55,mothbeans
109.66,91.13,54.29,33.89,41.66,6.78,203.47,apple
37.23,120.93,33.64,11.63,81.21,8.29,209.6,papaya
138.65,27.05,116.59,18.77,51.63,8.01,157.6,kidneybeans
3.61,88.21,41.99,22.38,37.81,8.13,212.39,maize
84.49,88.11,12.79,35.88,30.29,6.5,278.49,jute
92.33,27.99,12.2,27.3,29.47,5.62,225.48,orange
96.33,22.28,171.31,11.0,17.98,9.1,289.16,apple
16.85,142.21,123.29,31.59,75.38,3.83,145.61,cotton
131.39,60.12,76.62,24.4,16.93,4.42,167.92,pomegranate
25.37,36.84,183.85,42.26,33.38,6.02,93.85,blackgram
87.19,28.99,19.04,27.48,13.65,7.18,295.97,apple
31.17,98.46,201.06,34.81,72.51,3.55,35.44,papaya
43.01,90.32,128.26,17.66,13.14,7.82,120.41,mango
76.5,95.1,41.69,36.63,34.66,6.85,103.36,pigeonpeas
58.41,17.32,140.81,35.23,55.86,6.41,128.22,cotton
22.43,130.09,157.68,41.64,42.76,6.04,276.96,chickpea
23.93,59.5,90.87,11.18,32.58,6.62,123.05,orange
58.54,48.87,177.33,25.66,32.02,4.47,276.75,banana
106.02,69.73,35.15,33.77,73.82,4.15,138.53,chickpea
125.72,59.61,60.77,13.33,87.92,5.24,259.34,kidneybeans
11.78,125.9,23.7,24.37,37.84,7.76,166.09,banana
55.03,135.1,47.18,42.98,13.13,7.03,107.18,orange
14.03,47.48,52.75,25.26,12.93,6.38,145.82,apple
2.32,125.95,188.53,44.49,70.74,6.93,138.83,coffee
92.64,114.41,20.62,11.99,54.19,6.86,92.78,coffee
84.34,135.31,90.48,35.12,72.69,5.34,101.1,lentil
22.82,39.41,111.48,30.34,65.8,4.08,72.21,pigeonpeas
32.73,85.77,184.74,27.52,82.6,8.88,114.08,apple
3.32,43.44,204.54,43.98,80.87,7.1,194.83,mungbean
116.89,120.37,155.68,14.54,73.07,7.69,128.24,wheat
136.46,5.75,199.16,41.36,48.02,6.28,219.45,banana
18.96,84.07,162.42,34.19,34.65,8.04,296.35,maize
32.41,52.49,197.64,19.06,50.56,7.01,125.59,coconut
121.58,50.18,146.45,41.56,50.17,3.82,149.54,cotton
129.7,95.29,20.95,25.03,58.82,8.84,65.95,coffee
58.75,124.21,85.38,38.5,24.89,5.33,129.82,mothbeans
7.09,90.29,134.32,23.61,62.45,4.33,223.51,rice
5.51,124.44,75.14,39.78,46.53,4.03,80.87,apple
80.35,42.04,59.68,32.28,59.62,7.82,70.98,mungbean
55.01,77.73,120.48,14.94,29.17,7.72,125.38,lentil
4.01,68.08,191.7,32.74,44.75,7.7,249.22,apple
81.66,6.63,12.0,16.7,26.82,8.99,194.62,muskmelon
1.58,82.95,158.85,24.42,80.02,5.59,288.12,lentil
110.23,97.61,149.55,15.96,49.04,6.87,273.27,watermelon
42.9,87.87,197.79,10.77,28.0,7.22,62.32,muskmelon
5.64,108.08,191.14,17.42,13.3,9.38,31.91,orange
82.37,84.99,157.45,28.77,64.06,5.37,131.75,chickpea
55.68,14.35,109.08,26.85,27.17,9.24,166.18,mothbeans
136.33,21.3,45.85,27.55,89.17,4.39,164.36,banana
76.19,88.51,114.05,18.67,52.7,8.08,57.55,coffee
38.53,43.5,158.07,33.98,33.12,7.3,54.95,banana
99.32,16.15,184.13,34.65,62.61,8.4,33.12,coffee
38.01,65.14,162.94,22.53,32.02,3.67,258.24,cotton
126.59,82.61,44.05,40.84,75.62,3.97,285.37,rice
52.46,51.02,124.94,32.54,34.66,3.92,52.39,cotton
76.98,105.86,71.43,34.96,89.06,7.06,79.67,banana
7.08,95.13,6.84,19.71,58.41,7.12,45.16,coffee
59.66,51.59,45.04,10.02,77.55,8.94,265.7,mothbeans
116.53,110.68,27.64,40.29,15.83,6.31,288.44,watermelon
112.79,95.82,173.54,38.78,37.86,3.91,93.3,wheat
31.4,94.24,56.7,14.31,69.0,4.76,105.0,rice
31.65,82.48,61.94,23.09,62.4,3.55,121.55,chickpea
114.42,6.59,196.99,33.15,25.54,8.16,160.69,mungbean
130.26,102.51,80.82,32.82,38.5,8.39,211.09,apple
13.35,57.65,6.92,40.11,31.08,9.49,161.23,orange
63.01,136.97,61.77,14.91,59.07,5.97,286.28,coffee
47.24,119.52,28.86,25.05,37.57,3.62,47.97,kidneybeans
121.9,87.28,25.56,13.4,34.72,4.91,243.61,pigeonpeas
11.69,40.31,20.5,23.64,26.59,7.03,113.66,banana
29.56,33.52,123.65,10.53,42.72,9.27,125.71,muskmelon
105.35,52.65,42.87,41.44,25.64,4.12,218.47,blackgram
7.18,71.72,77.25,28.45,87.01,4.23,280.23,watermelon
68.95,46.45,177.4,39.74,22.36,7.71,220.54,mungbean
61.89,77.09,89.87,12.1,83.06,7.5,237.24,banana
46.82,28.15,188.14,17.96,44.28,5.0,230.22,grapes
55.24,141.88,104.59,19.08,40.23,8.38,109.87,apple
74.19,20.11,84.77,23.53,28.51,4.27,231.94,grapes
22.59,135.47,155.08,38.1,60.86,9.05,239.67,coconut
80.08,132.9,19.64,23.53,64.84,4.71,169.35,kidneybeans
112.76,78.55,22.9,17.16,47.41,3.99,170.29,mango
106.42,106.49,135.39,12.27,14.46,5.54,232.72,pigeonpeas
21.55,66.05,102.39,12.78,83.48,4.63,248.77,grapes
20.89,93.2,163.08,36.6,88.43,6.66,114.41,pigeonpeas
37.54,52.68,188.25,25.57,44.48,7.62,244.44,maize
50.55,47.16,82.67,35.42,59.09,6.45,247.98,muskmelon
57.18,85.95,124.28,33.88,46.02,7.46,85.56,banana
95.16,74.74,105.14,14.74,35.75,5.69,220.75,grapes
7.94,86.14,201.32,15.0,16.19,3.67,72.23,wheat
4.85,45.13,171.22,36.44,46.49,9.34,46.05,orange
54.87,56.37,187.35,35.24,75.47,8.42,180.87,mothbeans
97.6,16.75,55.87,23.23,11.36,3.94,274.42,kidneybeans
27.08,12.32,159.51,12.71,56.57,6.2,29.93,banana
89.81,40.48,58.09,10.42,80.46,7.31,251.42,apple
36.38,15.39,46.75,20.09,27.4,4.64,161.81,banana
124.05,19.53,193.85,10.32,24.66,6.97,261.05,cotton
125.4,118.81,8.86,18.05,71.78,6.7,256.17,pomegranate
41.62,10.44,198.08,24.68,30.41,4.75,265.08,rice
32.2,97.25,34.85,14.25,25.36,4.35,235.28,blackgram
57.58,43.16,168.89,13.65,40.24,8.05,256.04,mungbean
33.67,127.02,60.18,41.38,41.4,5.44,69.29,grapes
94.13,72.9,75.14,30.49,79.93,4.96,105.08,chickpea
115.65,47.78,48.35,42.71,59.48,7.93,87.9,pomegranate
94.23,77.47,122.1,22.1,42.48,7.92,227.88,apple
115.41,58.47,74.62,33.7,52.75,5.16,63.02,mungbean
55.58,84.0,136.48,17.16,86.32,8.74,71.02,cotton
21.88,21.03,8.13,31.64,19.06,7.63,266.11,rice
103.31,144.58,17.87,14.54,26.62,5.57,217.65,orange
50.47,64.58,24.93,10.07,87.0,6.06,265.11,kidneybeans
93.98,53.75,88.8,42.6,86.59,7.86,59.02,mungbean
37.89,104.43,167.96,29.42,24.17,4.77,131.71,mungbean
11.37,55.95,182.64,42.44,21.61,6.31,99.28,blackgram
138.96,121.66,53.96,21.68,43.69,7.42,22.71,orange
21.87,68.6,119.87,21.47,13.98,6.74,99.67,mothbeans
138.38,105.74,158.67,24.02,62.39,7.15,126.28,lentil
136.82,20.04,62.77,34.71,16.2,6.78,45.82,cotton
111.13,123.46,86.8,29.8,14.64,4.7,178.62,muskmelon
92.32,108.0,109.79,42.39,48.81,5.96,127.29,maize
80.89,34.64,31.97,10.89,86.62,6.69,33.01,lentil
121.25,25.34,10.2,34.79,44.14,8.18,217.11,mungbean
40.52,49.28,35.56,21.56,38.52,7.42,224.2,orange
65.48,141.65,130.37,16.31,89.84,6.06,253.65,chickpea
86.71,40.96,19.72,27.86,52.56,9.35,155.95,banana
57.57,68.86,42.94,27.68,40.02,4.15,291.22,cotton
59.85,9.2,72.57,14.8,40.87,4.74,275.94,kidneybeans
46.24,60.61,20.57,17.07,25.6,5.55,174.38,chickpea
78.99,84.98,43.34,24.29,50.98,4.87,144.59,papaya
119.08,138.44,187.25,24.31,45.11,7.25,20.85,papaya
28.21,77.34,8.86,21.11,31.66,3.74,219.08,kidneybeans
130.82,119.68,135.69,15.2,22.84,4.56,178.19,watermelon
96.47,81.6,81.88,10.15,34.9,5.26,282.51,banana
115.26,10.71,139.53,43.96,50.69,7.6,186.38,mango
77.87,49.1,122.74,43.02,14.67,8.76,298.0,pigeonpeas
109.13,85.58,49.7,26.93,22.3,8.29,259.07,apple
2.27,138.08,174.44,44.83,85.81,4.59,287.01,coconut
114.57,125.28,103.39,33.58,53.43,6.89,111.75,lentil
5.62,36.97,169.51,12.41,15.08,3.68,61.81,grapes
124.59,35.82,86.2,14.12,65.45,5.36,243.12,watermelon
138.87,33.16,201.94,42.06,14.94,8.34,240.14,lentil
41.17,134.15,159.1,32.05,69.11,6.24,79.21,pigeonpeas
29.44,124.37,198.19,39.51,70.0,4.4,234.13,muskmelon
107.15,113.48,107.87,41.44,62.09,6.13,182.95,wheat
35.42,59.98,99.74,25.68,68.58,4.69,50.67,lentil
121.18,75.61,156.09,11.7,17.04,5.86,160.5,kidneybeans
14.4,70.01,181.06,16.59,68.14,6.43,280.72,blackgram
17.63,40.48,197.83,12.33,20.94,5.6,161.81,papaya
137.08,75.7,69.91,16.61,37.16,9.12,240.84,papaya
94.34,9.27,164.74,24.37,85.42,6.88,28.09,blackgram
118.56,23.45,47.13,14.14,50.23,8.56,223.86,muskmelon
45.41,129.12,114.11,15.84,87.39,8.06,285.11,papaya
94.71,110.24,40.97,25.6,17.11,7.47,159.87,coconut
83.19,64.2,74.48,21.91,48.2,6.48,114.56,chickpea
84.44,77.4,191.27,26.37,14.99,3.51,201.06,kidneybeans
95.55,56.8,34.22,25.02,60.42,7.18,276.55,orange
80.55,108.71,131.48,32.56,16.3,5.64,69.5,mungbean
60.07,114.79,123.59,42.8,24.03,4.21,133.03,mango
38.63,111.86,29.15,13.78,30.71,6.17,63.76,blackgram
107.6,106.17,70.2,13.47,69.9,7.91,159.06,lentil
31.68,33.63,117.6,39.85,23.12,9.27,171.32,chickpea
96.93,52.32,42.44,27.72,77.73,5.74,284.38,papaya
32.67,70.78,165.12,36.82,20.55,6.76,135.5,chickpea
87.55,51.31,199.43,17.54,12.82,8.61,178.75,mango
104.59,110.69,47.95,39.01,41.6,5.5,267.87,coffee
30.62,51.11,42.38,42.33,88.36,4.35,109.99,apple
8.39,24.35,95.99,32.24,18.83,5.19,208.77,pomegranate
18.34,60.87,154.55,13.71,18.14,8.89,232.01,wheat
84.84,142.19,61.32,41.34,70.09,4.46,112.55,kidneybeans
118.92,36.62,8.98,37.74,34.97,5.48,66.02,mango
6.3,90.7,113.24,36.28,67.38,6.29,160.81,jute
102.78,65.62,196.32,11.29,26.0,8.58,119.9,maize
47.78,14.94,83.26,37.96,46.81,9.13,94.61,papaya
66.99,73.3,89.03,14.83,31.22,6.05,292.56,coffee
130.04,103.3,198.78,17.78,46.12,9.09,160.6,papaya
46.48,76.85,143.92,30.2,71.53,4.47,259.81,muskmelon
65.15,127.09,148.83,19.27,70.96,4.44,74.69,muskmelon
1.92,45.45,117.54,33.15,51.26,9.2,283.04,maize
11.42,17.07,199.92,31.28,84.27,6.56,242.44,coffee
36.2,136.12,142.77,13.79,31.1,4.62,246.43,blackgram
3.9,57.95,184.01,32.96,29.22,6.43,129.13,papaya
88.39,85.7,144.88,42.34,59.1,8.2,155.98,rice
59.7,115.88,152.02,15.64,59.7,8.46,186.14,grapes
76.74,50.4,63.08,30.9,13.72,8.68,241.13,pomegranate
24.45,105.26,65.7,21.97,58.62,6.92,257.74,orange
41.43,23.96,161.6,26.09,39.95,8.7,41.85,coconut
92.94,45.78,64.34,20.05,69.8,6.56,273.14,mothbeans
135.14,25.26,117.55,22.39,74.65,7.14,282.5,pigeonpeas
7.06,118.57,54.87,11.01,54.17,8.05,186.01,banana
124.65,36.17,168.4,44.35,10.14,6.05,72.29,wheat
80.76,105.44,27.1,31.87,60.91,3.94,249.16,mango
78.95,137.06,170.89,27.52,69.91,5.6,173.6,coconut
70.04,78.89,125.55,23.43,29.92,7.24,248.82,rice
9.72,80.6,42.38,28.88,47.17,4.65,248.15,coffee
12.58,69.54,113.41,23.3,87.26,4.39,44.28,watermelon
84.13,50.62,61.5,22.6,33.85,5.26,189.97,coconut
47.73,71.59,69.69,26.24,27.85,3.69,155.28,mungbean
128.42,89.39,75.31,19.66,26.87,7.96,284.91,orange
56.92,143.04,17.66,16.3,54.7,5.05,103.06,watermelon
20.06,136.29,202.19,29.48,85.98,4.25,77.68,mungbean
100.06,125.7,11.31,39.5,58.7,7.69,271.18,wheat
41.07,129.48,137.5,15.35,34.27,8.56,61.64,pomegranate
73.57,70.5,79.25,11.15,61.09,3.62,212.23,mungbean
97.7,97.04,134.2,18.64,59.99,4.9,104.01,mango
126.04,130.31,76.25,44.29,57.75,9.17,179.0,rice
110.91,60.01,139.75,39.01,22.75,5.81,192.54,orange
94.69,139.65,150.85,30.86,60.77,9.13,136.86,kidneybeans
95.15,63.21,143.11,42.52,44.41,5.15,292.99,rice
132.43,89.15,27.79,25.58,11.49,4.81,56.91,banana
41.42,104.37,136.38,44.41,53.18,4.78,129.59,kidneybeans
0.16,138.08,61.0,20.37,89.14,4.01,140.51,cotton
38.07,39.25,10.76,18.41,37.98,8.88,196.69,muskmelon
30.5,109.46,87.97,32.33,87.24,9.38,134.03,coffee
92.66,77.91,91.71,23.24,17.7,9.23,47.17,orange
88.72,42.6,98.43,31.92,68.6,8.61,285.28,wheat
83.08,113.72,145.96,20.67,19.15,8.58,136.5,watermelon
2.27,82.31,66.77,31.63,31.89,7.47,115.95,jute
102.03,97.54,68.06,19.65,55.67,8.46,145.08,pomegranate
45.29,50.21,17.11,11.78,57.42,4.75,80.65,lentil
93.11,72.38,142.36,41.92,72.02,5.83,48.06,maize
77.92,91.43,118.57,40.91,59.22,7.35,61.6,mango
47.98,61.69,74.89,43.98,57.49,8.75,66.66,mango
18.84,32.77,146.04,35.08,82.99,7.46,75.35,maize
13.22,139.63,112.47,33.9,46.17,8.53,137.59,lentil
116.41,76.61,98.85,29.57,28.02,6.34,194.69,chickpea
128.58,107.75,107.26,14.41,22.94,7.8,196.09,grapes
90.97,62.55,132.27,16.62,42.0,9.38,20.03,coffee
14.48,54.72,137.0,20.13,67.02,4.42,277.87,apple
56.28,62.0,62.79,41.16,13.4,9.06,250.4,rice
102.05,62.29,33.15,16.05,20.32,6.63,289.9,watermelon
109.17,81.19,36.33,42.3,18.49,7.36,120.8,jute
16.55,81.09,132.88,28.3,56.82,8.77,206.14,cotton
0.0,74.6,179.57,35.04,29.43,5.96,67.05,wheat
99.7,23.87,86.9,13.86,23.3,6.01,248.77,orange
49.92,74.45,38.9,19.42,57.42,6.66,65.18,mothbeans
35.63,28.67,156.32,43.55,70.9,3.61,111.28,jute
1.81,22.66,171.5,19.32,36.57,6.48,157.43,mango
75.64,135.57,181.12,20.38,56.26,5.25,186.47,maize
119.16,89.69,126.37,16.92,17.85,9.07,176.7,maize
134.07,97.33,177.15,14.52,84.82,4.03,48.59,mango
79.2,61.25,8.08,18.16,36.95,6.26,138.07,cotton
72.02,132.26,26.45,32.48,89.8,9.18,278.41,chickpea
11.91,94.31,23.52,25.94,88.29,8.91,264.26,muskmelon
76.84,112.68,147.52,29.38,72.31,7.71,185.42,mungbean
53.2,56.6,18.92,14.28,11.61,7.04,180.25,jute
85.0,139.4,104.27,38.07,53.48,5.18,51.27,mungbean
54.42,119.86,99.54,37.44,16.95,5.7,76.07,muskmelon
33.64,124.55,67.14,10.76,81.61,4.04,90.74,coffee
13.3,29.11,179.08,23.42,73.17,8.22,156.69,wheat
44.09,42.93,39.09,12.41,87.79,5.44,224.78,blackgram
13.53,44.99,75.49,37.72,58.67,7.51,149.0,mango
24.77,42.93,159.83,35.8,51.77,5.65,55.3,jute
138.23,124.76,11.08,41.57,51.52,6.29,143.02,jute
62.17,9.46,139.59,18.27,40.92,6.83,65.54,banana
74.46,15.65,168.28,25.97,47.5,8.31,230.32,wheat
122.31,43.35,191.45,16.46,60.83,4.77,66.62,blackgram
139.38,32.98,180.26,22.99,84.64,5.89,155.11,rice
81.58,37.46,68.88,28.28,57.67,4.28,214.16,pigeonpeas
113.75,116.71,122.27,11.87,78.57,3.95,83.9,wheat
45.77,83.84,20.46,35.02,79.02,7.13,41.29,maize
42.8,5.81,56.57,29.02,51.51,4.63,177.72,watermelon
56.38,65.11,23.84,39.01,37.8,3.86,35.18,mothbeans
94.15,62.1,68.04,19.51,61.17,8.88,184.58,mango
95.51,20.95,180.04,41.62,45.67,6.71,230.98,muskmelon
44.13,99.66,74.43,44.95,16.52,4.31,112.21,mango
18.65,103.29,117.38,42.18,40.22,3.82,156.74,banana
88.54,105.93,91.68,37.23,89.53,4.22,280.05,apple
17.97,106.99,96.78,38.43,13.88,6.33,151.91,cotton
80.99,5.01,198.91,30.08,65.73,7.51,299.04,pomegranate
97.08,138.55,64.23,16.66,77.3,7.35,63.96,jute
98.09,118.99,130.46,33.7,61.9,4.37,218.5,mothbeans
105.49,131.56,89.01,34.95,55.58,7.3,202.73,mango
122.2,7.19,17.23,44.49,66.6,5.93,264.25,lentil
69.99,135.74,102.87,28.95,44.35,6.29,45.88,lentil
102.23,118.37,167.67,19.5,17.31,8.31,98.46,mango
86.68,122.21,24.75,33.93,86.99,5.49,57.01,coffee
26.13,18.06,18.92,44.28,44.58,4.38,281.27,papaya
3.6,108.43,35.73,16.2,63.23,8.74,139.46,coffee
39.84,139.39,157.88,21.41,52.5,4.77,274.82,apple
62.02,100.0,149.8,28.97,14.37,5.26,102.43,coconut
86.39,84.88,118.0,15.96,86.22,7.74,55.38,mothbeans
118.99,137.39,98.65,10.78,73.4,7.6,103.03,coffee
27.47,67.01,182.67,21.79,21.93,8.3,187.21,chickpea
17.58,88.9,158.34,40.29,88.53,4.6,256.67,apple
134.89,71.69,167.39,11.52,68.95,5.61,127.91,chickpea
15.13,135.6,167.65,25.01,47.79,4.26,276.15,orange
66.99,15.65,133.54,36.68,58.91,6.75,88.38,coconut
81.98,75.16,96.6,43.36,18.54,5.26,214.19,mungbean
75.79,101.17,177.94,44.49,54.83,7.63,226.0,mungbean
12.04,115.87,190.2,24.77,15.89,3.5,96.71,cotton
7.98,86.62,9.76,43.26,53.59,3.86,27.55,muskmelon
14.77,132.25,15.31,11.24,54.22,6.1,122.27,watermelon
81.98,136.88,196.75,36.11,79.96,9.25,32.65,orange
76.21,14.0,60.43,32.5,68.0,8.85,272.21,coffee
32.72,61.33,179.67,18.73,29.96,9.46,286.99,papaya
89.29,8.28,82.76,27.76,81.07,6.0,225.91,pigeonpeas
114.81,51.12,28.82,14.53,55.86,3.78,223.47,blackgram
5.82,80.16,21.09,40.51,58.51,5.34,87.45,muskmelon
69.74,132.51,36.3,22.53,23.52,7.55,40.7,cotton
96.5,123.52,54.98,31.91,78.62,4.31,244.59,blackgram
35.32,22.85,102.7,15.56,84.48,5.3,176.57,coconut
43.09,18.02,145.3,17.22,72.0,3.84,210.86,apple
85.91,87.5,202.28,44.72,85.26,6.35,238.3,chickpea
125.71,79.5,93.3,36.36,34.18,4.75,134.64,watermelon
113.39,42.29,108.64,43.67,78.89,4.05,60.47,pomegranate
81.64,130.92,109.36,20.35,49.11,5.97,242.61,grapes
102.23,134.83,112.89,15.76,23.11,5.61,147.05,apple
51.08,61.37,108.55,27.61,63.5,6.73,251.54,mango
89.74,129.64,6.75,27.31,64.73,7.99,142.56,blackgram
65.27,58.75,5.34,16.12,32.95,4.18,80.76,muskmelon
26.59,108.15,24.53,35.66,12.2,8.25,67.88,mungbean
98.24,71.63,25.31,22.66,25.99,3.66,228.3,grapes
77.91,22.16,145.98,16.52,41.98,6.16,180.97,watermelon
50.21,134.91,45.98,21.62,23.41,7.02,133.29,mothbeans
127.59,68.57,183.94,29.73,25.52,9.24,157.79,pomegranate
2.93,107.83,190.72,35.43,41.31,6.94,173.9,maize
44.21,56.4,200.18,26.87,86.94,4.45,87.04,mothbeans
7.96,7.64,192.82,28.4,71.14,6.61,125.89,jute
107.31,19.07,59.38,14.86,35.58,5.87,101.88,kidneybeans
98.3,74.47,106.96,42.01,86.13,6.38,128.76,blackgram
46.39,101.6,40.09,42.51,61.65,4.68,160.16,coconut
94.59,51.86,166.24,33.92,46.44,6.5,68.54,papaya
55.43,102.37,182.69,10.62,47.46,4.4,130.18,mango
105.88,102.81,175.26,28.8,42.86,7.96,127.94,papaya
63.59,103.55,91.67,32.02,28.64,7.06,100.08,muskmelon
57.72,73.95,156.73,44.81,40.93,3.97,299.58,wheat
130.86,133.08,24.52,44.86,52.23,8.84,40.62,rice
35.12,73.49,13.05,40.02,52.24,7.2,200.03,maize
16.86,68.04,155.65,12.23,70.94,5.4,68.84,banana
81.84,32.91,90.07,43.36,38.7,3.77,255.07,pigeonpeas
135.71,48.07,204.11,31.44,67.34,7.29,275.98,wheat
52.9,10.93,24.45,38.03,56.25,5.74,132.41,muskmelon
8.69,93.69,176.13,24.25,86.95,8.95,250.57,kidneybeans
47.5,39.8,101.0,21.19,40.82,3.71,89.97,banana
70.83,47.58,170.43,26.21,82.1,3.73,59.22,chickpea
22.67,112.91,168.43,15.14,75.65,9.2,108.45,grapes
92.13,50.81,188.2,22.5,61.01,9.29,115.67,apple
139.68,38.91,64.57,40.02,62.36,3.67,131.26,banana
63.24,28.67,194.96,11.33,16.77,7.8,124.43,mango
49.66,113.48,35.33,15.28,86.02,4.83,135.12,apple
56.1,23.16,21.39,14.38,18.55,7.71,218.81,coconut
16.12,68.53,91.32,24.11,55.06,8.71,88.76,watermelon
123.66,75.97,170.66,44.89,36.41,4.1,25.2,blackgram
58.08,101.23,99.68,16.07,44.39,4.93,157.11,lentil
54.22,93.66,170.86,15.09,58.81,3.64,145.52,pigeonpeas
92.36,118.5,150.94,42.03,82.71,3.76,36.82,apple
61.88,11.27,46.89,40.87,46.61,3.68,57.46,banana
90.75,46.5,194.78,11.13,89.02,8.3,162.78,blackgram
8.6,44.22,17.16,36.31,57.42,5.29,85.73,wheat
113.92,25.44,184.66,32.94,22.84,6.46,265.73,muskmelon
131.67,45.48,65.89,36.87,25.2,8.23,68.52,muskmelon
90.83,48.37,105.03,27.31,67.29,6.47,25.63,jute
133.64,78.06,89.47,44.7,14.03,6.08,145.32,coffee
21.2,97.92,39.37,11.53,48.43,3.57,296.13,rice
66.84,58.35,76.63,18.2,21.86,6.91,197.48,cotton
84.25,105.73,43.59,23.88,44.66,4.25,119.13,pomegranate
81.44,52.06,45.78,25.74,69.99,8.09,24.72,cotton
56.2,45.64,42.41,42.25,46.71,5.05,155.79,maize
47.33,80.77,102.8,29.6,23.08,7.55,77.81,wheat
17.76,8.32,164.59,11.58,30.15,7.38,201.37,grapes
54.84,16.17,118.79,24.28,39.4,7.2,183.24,rice
22.77,63.52,183.64,24.58,15.56,5.1,94.26,pigeonpeas
102.81,137.01,132.31,43.79,56.75,5.1,39.29,mothbeans
29.24,106.01,142.87,30.97,58.6,8.68,231.41,wheat
8.2,17.34,138.52,32.25,14.97,3.58,183.93,wheat
77.33,123.48,94.89,34.96,42.18,4.59,255.8,watermelon
83.33,107.52,142.87,36.95,43.12,7.16,92.74,cotton
122.07,90.53,18.94,32.23,36.71,8.4,202.8,kidneybeans
80.78,119.84,176.97,18.3,54.62,5.65,53.23,mango
48.37,61.58,160.56,40.59,37.68,7.42,101.71,papaya
112.42,36.01,54.05,35.62,43.31,6.84,203.83,papaya
75.64,76.68,158.61,35.97,73.8,3.89,251.16,watermelon
11.1,81.84,7.53,44.88,22.97,7.23,109.86,rice
79.22,80.37,48.45,38.09,59.53,8.38,243.68,maize
127.12,84.11,18.03,39.02,50.45,9.45,209.77,orange
55.48,137.82,161.05,43.3,34.41,3.68,117.63,apple
41.49,131.31,156.17,15.29,68.2,7.46,265.39,cotton
20.09,127.6,167.73,27.42,54.1,5.99,162.58,mungbean
21.2,117.2,5.9,30.32,48.19,3.56,201.51,pomegranate
60.59,137.08,105.25,21.52,63.41,7.19,158.78,coconut
83.4,18.79,145.97,39.38,74.18,4.23,146.76,mungbean
11.29,42.12,36.08,36.68,87.81,5.77,257.43,cotton
131.54,74.31,134.96,35.23,60.35,5.07,102.52,pigeonpeas
105.72,123.51,21.82,44.9,79.96,5.67,30.26,pigeonpeas
82.13,75.72,41.27,19.08,10.09,6.46,266.34,pigeonpeas
115.98,109.72,100.16,35.74,52.42,5.66,251.01,wheat
11.23,24.45,135.71,29.3,27.17,6.82,122.64,lentil
66.76,40.34,34.17,20.95,17.54,4.93,71.93,lentil
88.21,107.45,42.04,15.62,52.56,7.31,209.15,blackgram
116.01,28.06,45.89,41.36,69.75,8.62,42.05,coffee
109.69,54.19,52.74,30.84,42.98,4.84,138.65,maize
38.79,42.08,50.31,38.87,63.61,6.55,44.04,wheat
131.72,53.98,84.03,29.09,49.18,7.39,187.41,chickpea
17.41,104.17,135.76,17.7,44.97,6.89,27.62,mungbean
122.52,56.5,92.61,21.81,33.22,5.69,196.19,blackgram
135.93,82.74,160.19,23.35,40.61,7.35,208.5,wheat
24.8,18.99,148.85,44.05,37.98,3.67,156.4,muskmelon
101.09,117.7,30.31,10.2,61.69,5.72,69.0,pigeonpeas
5.64,56.78,14.77,44.5,19.28,6.7,48.39,mungbean
56.76,95.79,180.59,44.32,17.41,3.62,107.72,maize
72.28,106.55,20.97,44.87,62.8,6.55,150.26,pomegranate
81.29,34.35,34.67,26.68,53.7,7.43,199.82,coconut
131.03,128.85,9.43,43.73,44.42,8.06,20.35,kidneybeans
94.12,91.27,130.67,23.85,22.2,4.18,219.1,banana
67.38,65.02,121.47,10.92,42.88,9.44,219.56,coffee
113.35,30.53,202.38,17.85,73.18,7.14,144.47,pomegranate
133.07,136.92,182.39,43.09,81.17,5.68,116.15,kidneybeans
3.09,110.71,87.17,10.48,66.21,4.99,255.85,coconut
137.55,34.12,79.32,29.11,14.79,6.94,239.68,coconut
12.06,52.28,64.37,12.65,63.63,8.79,295.32,cotton
114.01,118.35,35.48,20.02,29.28,6.62,124.14,maize
39.25,102.39,32.62,13.08,35.22,7.47,273.91,blackgram
18.51,112.21,31.46,40.08,25.67,5.65,44.47,orange
61.58,66.77,27.82,30.69,72.06,5.83,135.21,banana
90.15,105.31,53.1,41.57,61.89,5.22,150.3,coffee
53.33,59.11,66.33,34.09,58.95,7.73,143.44,chickpea
7.64,34.58,197.32,43.99,63.44,5.66,195.03,mothbeans
83.92,93.57,120.69,27.85,28.94,4.64,67.66,coconut
126.34,141.64,202.52,32.35,45.57,5.72,262.61,pomegranate
53.65,48.48,79.49,30.17,60.66,8.62,174.49,wheat
30.29,69.54,96.53,26.95,60.93,7.93,273.18,coffee
61.96,99.36,69.92,39.61,73.35,5.51,20.74,banana
6.77,80.81,41.58,32.56,32.97,8.94,196.4,blackgram
114.87,123.08,33.63,38.05,71.63,3.95,135.49,pigeonpeas
115.69,111.64,194.02,37.52,45.21,3.8,161.43,mothbeans
82.32,13.16,202.36,16.69,63.61,4.26,228.27,pigeonpeas
49.43,144.78,13.98,32.76,46.46,4.2,83.6,orange
111.97,110.34,35.07,16.99,85.89,4.03,77.37,mango
77.66,125.95,89.7,30.42,24.34,7.47,216.84,blackgram
115.63,96.17,42.27,33.71,64.0,7.11,165.98,cotton
88.4,124.88,77.78,44.9,56.12,7.39,85.42,papaya
109.82,20.73,30.82,11.07,23.82,7.63,155.53,chickpea
83.8,53.68,96.3,13.19,15.28,8.04,148.68,chickpea
57.98,127.7,59.34,12.7,73.93,4.74,213.6,mango
134.11,33.23,75.38,23.94,22.6,7.23,20.75,pomegranate
75.76,15.95,23.86,38.76,24.92,6.98,184.29,cotton
84.71,115.34,90.63,39.54,88.27,9.16,189.59,wheat
30.87,121.97,201.65,35.79,67.38,4.89,228.74,pigeonpeas
87.59,27.77,70.77,41.39,30.04,3.85,268.98,banana
80.03,124.61,180.29,21.3,57.28,7.42,143.25,coffee
25.88,101.15,173.64,13.09,52.73,7.94,115.91,mungbean
8.34,77.81,195.41,12.04,77.56,5.2,48.65,kidneybeans
84.61,121.24,163.02,39.82,68.35,6.93,114.31,coconut
106.92,63.69,136.92,35.57,76.54,3.86,39.18,coffee
73.28,32.16,176.32,34.45,26.92,9.26,244.79,blackgram
31.75,44.88,20.13,21.89,61.22,4.16,245.96,chickpea
93.31,75.72,97.57,23.3,13.22,3.91,136.83,blackgram
11.21,79.39,202.85,43.53,15.52,3.76,92.7,banana
61.86,117.78,158.92,12.23,67.08,6.06,53.05,chickpea
22.87,115.79,197.42,37.08,11.95,4.08,258.35,apple
25.82,86.39,160.93,20.84,56.38,7.97,265.7,coconut
28.32,114.31,179.98,11.37,77.23,8.89,94.56,wheat
54.14,31.85,146.31,35.99,40.4,5.06,194.09,jute
7.16,12.01,157.1,21.58,13.59,7.27,92.42,mango
55.69,127.31,109.64,35.28,67.11,3.75,83.04,watermelon
71.64,15.58,189.85,34.77,84.37,5.82,25.94,mungbean
67.66,39.54,170.01,28.72,67.37,5.26,181.6,pigeonpeas
53.59,102.34,173.78,37.21,56.28,4.87,61.98,blackgram
117.48,62.32,139.6,30.34,28.4,7.37,23.46,jute
20.35,127.68,65.92,20.03,11.23,4.28,49.36,pomegranate
70.8,46.72,12.13,35.69,65.57,8.66,107.86,coffee
8.69,6.66,192.13,30.62,28.48,7.49,207.37,banana
9.96,47.09,122.22,10.45,78.65,7.76,76.73,cotton
80.34,85.93,64.63,41.56,47.31,9.11,268.53,wheat
79.24,57.63,34.83,29.1,52.45,9.15,100.78,wheat
122.92,79.88,170.9,40.4,70.31,6.81,112.74,pomegranate
78.1,127.72,172.3,40.9,72.35,6.47,81.03,mungbean
134.37,132.75,167.9,25.57,61.41,5.51,91.07,pigeonpeas
6.82,42.24,134.02,27.77,85.07,7.79,40.76,orange
13.72,69.7,78.2,24.55,88.58,6.73,102.54,jute
6.17,81.88,65.81,25.73,85.75,9.1,260.69,pomegranate
25.94,137.88,6.71,41.33,75.93,4.93,212.76,pigeonpeas
75.78,144.81,171.72,37.59,66.45,5.36,265.08,blackgram
90.38,37.96,22.49,14.43,63.07,5.4,49.36,jute
6.38,106.78,131.15,31.36,18.3,8.34,147.57,grapes
132.44,57.92,105.81,44.86,31.72,4.09,84.19,papaya
117.9,6.14,110.34,30.84,10.46,6.23,221.94,cotton
41.53,6.3,190.34,37.51,20.99,6.07,291.67,pigeonpeas
10.81,69.48,11.32,36.92,45.14,3.94,248.3,coconut
23.78,73.37,159.68,22.26,21.72,5.96,29.88,papaya
17.77,8.16,15.41,23.01,82.13,6.58,108.66,lentil
17.26,101.17,12.63,35.34,74.46,3.89,28.0,grapes
72.6,46.16,90.96,27.5,15.73,6.56,31.25,kidneybeans
34.42,83.39,17.62,29.97,29.91,9.26,42.26,banana
50.14,47.13,162.83,34.95,75.53,9.37,97.37,papaya
138.53,28.4,110.91,37.22,74.24,6.69,105.18,wheat
95.8,62.0,10.81,19.5,85.64,6.59,132.13,watermelon
132.86,37.52,13.1,15.14,89.8,5.21,133.38,pigeonpeas
19.96,79.87,127.53,20.21,88.1,9.48,235.99,mungbean
53.5,32.84,166.22,27.76,42.81,5.15,59.59,grapes
77.66,76.18,92.56,21.97,30.03,6.22,64.17,maize
10.75,27.03,115.92,29.89,70.67,3.52,195.44,pigeonpeas
0.59,98.94,164.97,11.87,33.94,5.6,180.09,pomegranate
93.86,110.55,127.1,27.84,74.51,3.93,63.12,blackgram
89.85,20.46,49.95,22.88,52.72,7.96,258.63,apple
57.51,70.49,127.61,28.71,73.51,6.87,112.14,papaya
68.55,14.92,130.66,24.79,32.07,6.93,122.75,wheat
58.16,88.75,151.82,19.95,50.64,5.22,137.73,mungbean
3.36,42.02,129.17,41.64,55.12,8.39,110.36,lentil
46.95,78.87,198.85,16.47,85.45,3.52,176.09,jute
24.79,77.44,44.46,33.85,31.33,5.5,128.82,maize
13.78,134.41,195.22,42.36,84.94,7.46,92.64,lentil
133.94,81.87,112.67,28.85,74.39,8.95,273.25,coffee
83.91,86.62,139.39,40.67,68.47,4.91,106.34,wheat
102.01,61.23,24.89,14.37,72.95,6.75,215.58,mothbeans
44.15,137.87,81.12,27.28,58.43,6.73,117.22,rice
55.04,113.81,158.88,26.0,29.53,8.75,141.86,banana
33.17,44.96,146.38,10.28,25.16,3.8,86.06,kidneybeans
13.58,123.19,13.03,25.51,79.31,6.05,230.65,blackgram
25.06,65.54,114.32,22.92,68.01,4.59,226.42,banana
111.65,121.01,22.66,33.44,27.06,3.63,26.23,pomegranate
94.86,120.2,204.17,42.84,59.21,4.38,36.85,banana
76.57,31.44,184.46,13.0,45.8,9.36,278.27,maize
66.51,103.16,9.22,21.46,22.69,4.79,268.87,banana
129.14,45.69,176.73,25.54,52.55,9.11,161.7,coffee
10.18,46.65,188.89,25.93,32.52,4.73,158.14,rice
39.28,46.49,75.71,37.12,17.7,9.09,247.48,pigeonpeas
48.99,106.58,148.9,25.52,47.36,7.43,58.77,pomegranate
109.54,37.18,93.42,10.95,57.21,4.18,203.04,wheat
138.95,5.13,136.05,34.85,13.75,6.99,153.28,mungbean
33.69,105.13,73.06,40.97,42.17,5.41,228.13,jute
122.4,28.97,69.51,27.99,30.61,5.8,28.43,pomegranate
116.29,19.63,89.89,30.34,12.45,6.14,185.96,banana
31.45,38.25,34.11,15.7,20.05,6.04,175.88,papaya
55.91,58.19,171.23,17.72,21.12,7.48,255.44,coconut
57.35,71.63,74.74,18.23,24.63,8.11,209.51,coffee
136.95,11.24,85.03,25.08,74.27,5.48,266.44,blackgram
25.32,140.88,183.81,42.49,45.16,9.05,268.44,pomegranate
111.88,105.25,104.32,28.26,21.77,9.13,134.29,orange
46.79,50.25,113.85,16.72,18.02,3.74,58.48,blackgram
102.32,49.62,196.3,19.31,33.84,3.59,196.48,watermelon
58.8,67.8,182.35,23.44,73.84,6.05,264.65,jute
80.97,92.67,38.89,31.81,39.16,7.04,40.99,orange
116.57,25.49,99.64,25.4,22.79,5.17,176.22,mungbean
112.58,31.45,199.26,23.74,42.33,5.06,52.2,chickpea
121.3,125.32,79.47,29.77,54.42,7.57,27.56,mango
8.35,40.88,79.31,18.46,12.37,7.11,210.3,watermelon
96.89,58.23,44.01,12.76,60.21,4.5,210.92,mungbean
19.6,126.98,27.86,10.85,41.61,8.81,188.18,muskmelon
58.21,97.84,153.06,18.79,10.78,7.58,260.58,pomegranate
76.8,52.84,159.01,13.21,63.91,5.68,42.65,coffee
56.38,100.72,198.8,21.77,66.99,7.6,49.47,coffee
72.75,7.76,159.68,37.05,60.31,4.18,262.07,mango
139.51,107.99,53.67,35.07,37.35,6.31,160.92,mothbeans
18.93,73.18,13.02,31.38,52.37,4.51,96.45,orange
94.56,118.85,202.09,39.84,40.97,3.75,226.68,mungbean
55.44,138.65,73.09,19.87,66.05,5.53,270.43,wheat
18.62,134.61,67.39,40.98,56.69,4.4,213.09,maize
22.22,132.3,186.19,23.97,16.54,7.3,241.74,lentil
132.9,76.7,122.02,24.03,61.45,7.54,99.1,mothbeans
123.14,55.42,47.97,24.19,64.98,4.39,100.86,coffee
126.99,70.1,182.82,13.43,39.66,3.65,261.95,mothbeans
138.81,101.59,203.67,44.14,80.06,8.26,192.16,chickpea
29.16,128.76,22.34,14.85,77.44,3.51,85.57,cotton
49.76,33.98,177.45,21.93,24.01,5.56,166.77,coffee
93.69,133.55,83.1,21.18,82.34,6.47,212.04,mungbean
67.73,119.13,109.81,12.61,45.27,8.41,81.19,papaya
58.57,142.04,187.96,15.33,67.9,8.53,203.37,jute
50.09,128.24,199.68,11.57,75.13,7.85,31.8,banana
83.13,44.19,57.43,20.23,50.41,4.98,105.03,lentil
80.58,19.83,47.57,40.33,41.93,7.82,208.71,grapes
22.6,20.71,21.1,21.88,83.24,4.98,61.82,banana
66.04,45.77,117.36,14.33,28.47,4.79,82.22,cotton
77.49,90.99,7.72,32.6,30.56,6.78,266.15,coconut
79.84,117.6,87.38,44.88,38.93,7.57,208.81,chickpea
29.42,130.9,19.68,18.13,78.76,3.82,159.7,papaya
103.92,92.33,86.05,19.78,85.1,3.86,79.05,mothbeans
3.53,5.79,12.99,44.01,27.61,8.21,115.59,cotton
49.68,31.08,172.04,16.26,79.11,8.66,180.81,rice
109.23,18.96,46.95,27.89,30.66,7.13,63.49,mungbean
78.95,55.87,70.66,18.39,87.65,6.07,154.89,pomegranate
36.56,75.19,179.01,42.63,57.79,8.57,134.51,rice
97.29,11.08,154.25,44.35,10.57,7.87,153.47,rice
79.43,53.79,48.81,38.51,12.73,6.98,49.56,chickpea
111.47,30.09,19.38,21.02,21.8,5.42,49.82,chickpea
102.9,95.59,148.13,24.12,25.01,4.69,289.95,pomegranate
85.42,70.0,83.14,18.48,71.41,6.01,294.22,rice
68.34,74.34,158.22,41.18,27.82,5.22,139.33,lentil
18.65,64.88,94.06,42.01,87.53,5.54,240.92,chickpea
36.59,138.84,74.2,24.66,60.89,6.59,203.62,coffee
58.67,35.06,95.24,32.98,65.4,4.51,52.74,mothbeans
83.9,77.33,154.71,15.79,27.43,8.34,103.07,wheat
71.92,108.04,185.44,25.22,81.42,4.37,107.82,jute
40.35,82.96,14.95,32.1,63.43,6.39,186.82,mango
0.91,135.06,109.82,23.49,79.15,7.98,182.39,jute
69.47,57.92,11.57,22.52,86.52,6.41,278.58,papaya
39.99,69.91,98.68,10.03,20.05,5.67,241.21,chickpea
102.85,17.39,182.06,38.15,17.73,6.35,259.92,pigeonpeas
3.35,90.26,77.32,41.13,74.27,8.59,269.54,jute
81.88,45.35,191.49,43.93,79.29,9.44,244.36,apple
131.81,27.44,131.12,35.17,56.7,7.29,113.21,blackgram
24.42,81.23,191.83,29.21,39.28,8.26,80.2,wheat
66.03,79.52,156.43,19.42,62.21,3.59,180.09,coconut
12.8,15.62,25.69,44.98,34.45,8.78,213.08,pigeonpeas
87.6,102.75,51.23,30.64,29.07,9.22,128.24,orange
77.07,92.33,83.83,33.84,49.05,6.95,257.53,coffee
57.03,31.46,39.02,33.88,27.29,8.02,288.96,jute
72.99,70.72,103.98,39.58,48.7,6.58,179.43,watermelon
125.52,105.85,99.27,10.34,86.53,5.22,147.85,coffee
27.48,79.12,196.25,17.71,77.18,8.61,256.01,muskmelon
3.16,60.37,91.75,33.29,85.33,7.08,26.8,rice
120.63,50.13,162.13,41.33,74.51,6.98,56.12,lentil
80.8,90.46,193.38,33.99,38.38,7.45,256.78,lentil
124.69,136.48,180.4,24.47,74.96,8.64,224.97,cotton
83.57,99.04,46.73,22.65,83.83,7.89,136.52,pigeonpeas
113.42,15.46,104.21,35.83,85.76,4.77,268.88,coffee
60.15,69.5,74.55,35.94,64.66,6.3,118.41,chickpea
104.98,129.72,84.97,31.25,26.91,9.38,197.48,grapes
127.83,18.22,77.16,20.2,13.18,6.83,197.61,apple
80.1,143.44,170.27,42.38,21.78,9.13,71.61,maize
25.31,137.87,95.43,29.32,87.24,8.38,99.76,wheat
37.63,15.96,109.74,37.67,46.97,7.5,276.48,orange
27.81,135.68,201.49,17.5,78.4,5.6,71.36,apple
34.56,55.84,17.0,22.04,47.2,5.33,68.6,mango
42.9,123.26,102.59,40.61,62.87,7.36,154.29,papaya
77.72,63.57,159.81,11.75,11.93,6.1,45.82,lentil
82.32,66.72,35.23,27.93,29.99,8.29,270.5,cotton
59.71,93.79,127.31,26.86,44.9,8.06,48.04,jute
86.16,113.43,52.89,36.29,60.45,5.37,192.64,chickpea
11.42,9.73,178.48,19.87,23.72,7.72,115.14,apple
12.29,88.04,70.42,17.67,71.16,6.47,245.2,muskmelon
24.06,31.14,70.81,42.41,39.15,5.44,185.15,papaya
72.53,53.43,124.64,30.01,75.39,5.98,128.73,grapes
29.96,53.72,41.71,13.66,17.84,8.87,295.48,coconut
39.66,70.67,61.98,16.76,64.38,5.66,38.54,watermelon
56.04,51.78,88.33,44.96,33.47,5.22,181.78,papaya
113.66,20.03,75.73,16.85,73.63,5.61,297.08,maize
1.94,25.39,109.98,31.37,42.17,4.79,213.47,coconut
90.91,9.68,124.93,24.7,63.23,6.77,227.14,coconut
93.64,70.83,118.33,41.0,84.74,4.38,28.99,muskmelon
111.81,138.62,135.83,36.43,11.65,8.4,25.98,mothbeans
130.59,21.19,66.55,30.89,10.89,4.85,30.11,orange
2.82,137.48,30.29,10.38,71.62,7.09,297.68,mungbean
21.53,107.67,157.16,40.79,61.71,4.25,294.27,grapes
124.06,94.25,175.16,25.56,33.44,9.37,113.66,orange
64.19,95.34,56.4,42.61,49.55,6.23,101.47,rice
79.04,120.74,86.42,27.34,13.35,8.43,60.87,coconut
92.82,19.97,104.71,34.3,25.4,8.11,112.16,pigeonpeas
95.07,75.67,111.67,12.43,43.96,7.78,123.64,mango
130.44,102.59,136.9,36.08,76.72,8.46,229.52,rice
139.57,87.15,13.32,21.83,48.37,4.1,262.56,papaya
100.82,121.59,149.3,22.3,56.91,7.57,229.09,mothbeans
40.21,15.12,17.39,14.15,79.9,5.09,201.01,coffee
123.17,101.7,98.66,15.14,34.71,8.22,234.45,muskmelon
6.89,79.76,170.53,16.5,66.06,9.24,226.78,grapes
32.35,58.08,95.24,21.49,78.93,8.91,153.21,wheat
125.63,52.64,34.82,41.22,26.21,4.19,114.04,mothbeans
35.87,91.92,202.01,22.89,38.52,5.72,99.18,coconut
30.89,129.74,182.86,35.35,88.38,5.69,210.22,jute
19.34,74.46,159.26,12.9,88.66,4.23,288.61,coconut
120.28,120.46,87.3,30.69,27.86,4.09,182.7,watermelon
70.01,61.3,41.77,26.87,15.32,5.81,275.51,grapes
94.49,19.34,193.28,44.23,31.67,9.45,23.98,rice
33.47,13.61,111.47,39.62,41.82,6.91,242.45,apple
106.13,12.19,175.47,25.92,45.28,7.23,259.01,muskmelon
106.4,58.22,73.42,37.13,59.5,6.33,196.68,kidneybeans
43.76,52.21,72.06,16.76,81.96,7.47,281.54,cotton
57.5,105.51,202.11,29.68,36.43,9.24,185.18,coffee
29.36,109.0,109.37,12.61,78.0,7.03,87.35,maize
136.72,12.12,33.14,22.18,17.48,3.89,80.4,coconut
90.38,35.96,48.93,17.91,13.35,6.46,175.63,papaya
130.84,43.4,101.39,35.16,50.32,9.46,273.82,wheat
42.47,81.67,13.49,27.15,14.77,5.82,40.26,grapes
109.46,25.23,97.51,36.29,41.4,7.06,189.23,coffee
107.22,23.75,88.79,28.04,81.74,4.14,235.54,cotton
96.83,137.13,160.87,13.03,29.32,4.35,52.31,papaya
135.19,117.59,75.99,35.74,66.48,8.75,52.7,mango
55.1,30.29,201.51,39.16,34.19,5.3,122.52,mango
18.3,61.92,41.15,41.62,13.59,5.33,96.69,pigeonpeas
94.04,54.79,123.2,30.02,54.54,5.82,75.53,blackgram
102.1,115.74,22.94,36.38,76.79,9.3,75.63,coconut
80.51,76.43,151.77,36.32,42.76,4.01,56.59,rice
28.95,22.9,203.95,15.45,59.38,8.41,191.04,lentil
70.62,108.46,168.83,15.75,82.0,5.55,212.68,maize
43.71,60.56,116.14,12.48,73.18,8.6,216.82,pigeonpeas
59.85,41.81,101.95,21.2,25.51,9.45,169.06,muskmelon
90.33,57.57,172.01,26.57,68.67,5.59,286.81,coconut
104.33,74.69,192.19,44.93,50.15,4.28,266.55,pigeonpeas
32.51,53.04,202.84,25.08,69.68,4.37,288.14,banana
56.75,38.87,84.31,35.42,49.56,8.05,128.86,maize
37.68,60.79,203.18,34.27,20.24,4.37,265.78,coffee
27.81,7.68,36.19,17.16,55.59,5.06,233.6,orange
109.67,113.15,55.71,12.05,49.37,4.73,115.19,cotton
127.3,28.93,22.8,29.11,51.43,5.63,49.85,maize
51.83,11.15,59.35,34.51,80.31,3.95,211.13,kidneybeans
105.18,96.52,158.59,44.94,81.59,8.64,58.21,papaya
125.58,113.35,175.58,22.55,46.28,8.66,102.26,orange
118.46,118.94,160.78,41.37,46.46,5.98,160.1,mungbean
25.59,74.09,131.21,23.37,51.21,7.17,210.37,lentil
133.88,33.75,107.79,34.13,51.57,7.35,279.34,papaya
52.73,108.21,146.74,30.94,86.03,8.0,186.11,lentil
47.49,102.96,83.17,11.85,61.95,6.62,208.0,cotton
8.74,39.48,173.26,12.74,32.2,6.56,106.8,wheat
68.06,131.48,140.44,10.73,52.52,7.29,212.44,lentil
15.26,19.61,144.56,22.98,60.18,7.72,142.58,jute
34.8,142.58,112.19,36.1,61.18,5.58,259.94,orange
44.37,125.43,182.05,16.05,56.82,5.48,129.89,chickpea
113.24,101.31,55.4,31.2,24.22,5.12,151.12,maize
122.57,136.42,81.23,20.11,12.69,6.79,141.12,apple
42.35,106.12,160.53,37.89,37.03,5.66,247.11,apple
120.22,31.66,103.55,37.94,44.2,6.74,287.04,jute
120.01,66.9,182.84,37.14,14.94,5.94,111.64,banana
107.05,15.01,74.28,28.37,75.2,8.52,153.01,apple
20.54,59.55,78.87,19.96,37.53,3.94,217.66,mango
96.65,108.82,182.75,38.33,83.09,6.93,270.71,blackgram
132.3,59.1,97.87,16.51,22.35,6.95,158.24,rice
95.56,51.24,108.22,20.14,14.55,5.8,50.49,watermelon
46.43,88.35,71.55,16.44,48.59,6.03,123.23,papaya
70.08,127.11,60.33,33.6,25.13,8.3,174.1,blackgram
90.4,11.66,136.19,34.02,84.99,5.18,136.91,apple
71.48,58.97,28.97,32.84,10.82,8.73,72.24,watermelon
16.79,27.15,180.85,24.55,43.01,8.88,30.36,wheat
43.69,102.35,160.84,13.51,84.14,7.4,212.47,chickpea
112.34,19.8,43.15,41.89,40.75,8.14,297.97,mothbeans
120.6,98.07,143.8,27.77,17.45,7.18,277.38,mungbean
19.22,45.07,125.53,24.24,34.23,6.65,211.32,rice
133.33,32.85,41.91,30.61,49.84,9.3,255.63,rice
46.04,136.09,59.64,16.75,24.81,5.2,91.6,kidneybeans
92.72,7.59,86.8,14.64,47.32,4.42,194.28,mungbean
105.26,66.29,144.85,24.19,76.91,5.22,36.97,rice
113.67,8.03,132.74,17.95,79.81,7.19,218.01,maize
132.4,72.7,111.45,18.55,13.94,4.61,291.56,jute
43.81,75.15,158.68,41.24,22.87,8.95,261.02,apple
120.19,50.03,156.59,28.58,32.02,5.97,169.64,maize
18.44,23.5,128.57,26.92,57.59,8.6,240.85,rice
98.71,57.69,162.4,34.13,38.88,5.0,284.29,chickpea
103.88,99.12,71.85,43.3,77.52,5.38,80.48,blackgram
94.88,114.54,181.25,13.93,67.33,3.86,242.11,mango
35.32,79.31,127.98,39.17,18.04,5.05,95.56,kidneybeans
122.23,87.58,169.47,30.44,59.96,6.44,265.55,grapes
23.64,33.09,114.26,15.12,19.04,9.18,47.54,papaya
7.51,45.23,48.69,20.4,30.4,5.83,69.9,coffee
100.45,27.67,113.48,26.88,24.23,7.34,221.77,grapes
66.57,39.9,79.22,34.19,23.84,6.07,68.94,jute
118.87,36.48,144.5,18.49,59.31,3.78,64.26,chickpea
53.68,77.72,100.16,28.72,55.09,6.52,175.53,chickpea
23.56,83.78,172.22,33.96,24.08,3.9,253.8,blackgram
117.1,137.29,140.61,25.71,89.21,8.8,95.17,wheat
76.85,32.38,141.91,40.21,43.75,8.02,255.52,lentil
26.49,94.83,48.43,40.43,17.77,5.77,246.23,orange
100.85,119.42,201.85,26.47,19.65,7.34,182.15,mothbeans
71.56,83.43,173.34,44.05,56.71,4.17,201.04,cotton
84.6,40.7,162.8,12.65,88.33,7.72,31.32,grapes
64.53,41.76,71.04,10.12,55.76,8.44,122.8,cotton
116.02,10.5,112.13,23.32,85.92,8.43,93.75,watermelon
116.14,47.76,32.42,31.04,45.53,5.21,62.0,lentil
99.31,109.24,112.7,32.02,44.87,5.08,129.1,kidneybeans
14.76,11.65,34.18,26.68,50.0,6.63,119.37,mungbean
117.44,35.7,115.61,14.37,65.79,9.31,224.09,jute
93.94,103.87,134.74,15.97,39.41,9.02,187.47,cotton
97.58,114.57,83.04,39.83,79.11,5.66,275.67,kidneybeans
50.82,68.74,104.71,40.38,12.34,8.18,60.71,kidneybeans
123.1,102.73,180.13,33.59,45.18,9.03,36.73,grapes
101.55,59.31,26.71,33.25,50.88,5.07,169.69,rice
15.76,27.39,163.35,30.92,58.56,8.48,20.29,kidneybeans
57.09,60.74,39.15,17.1,32.09,5.11,240.56,papaya
124.09,86.2,12.34,24.99,44.2,5.56,161.67,jute
6.61,137.73,42.11,34.36,48.76,4.69,156.66,banana
134.6,14.63,158.01,28.8,64.95,6.54,121.5,watermelon
95.08,76.04,86.03,10.65,71.88,8.56,124.99,maize
88.39,51.05,179.5,43.37,69.03,6.67,140.72,rice
37.88,76.16,109.94,39.57,37.33,4.24,24.49,banana
34.83,8.36,9.45,19.12,89.96,5.01,43.39,mango
131.89,48.82,148.34,31.58,77.89,6.88,161.41,grapes
41.76,119.78,27.05,42.31,30.8,7.0,62.03,lentil
108.57,82.55,162.88,13.36,25.61,6.96,238.05,coconut
55.04,68.08,38.62,27.61,35.12,3.96,96.86,grapes
19.5,44.97,74.09,25.97,46.19,8.02,47.41,grapes
1.5,46.73,157.25,24.36,78.06,8.96,85.86,mango
76.2,58.63,195.85,39.25,72.27,6.56,119.99,cotton
136.61,121.98,79.29,23.32,78.1,7.81,29.89,maize
51.68,140.41,170.88,12.23,31.76,8.98,59.67,papaya
50.01,66.41,43.16,12.3,57.48,7.36,110.68,coconut
48.17,60.07,166.44,11.5,32.66,7.55,106.93,lentil
72.88,123.52,136.5,24.32,18.72,7.83,244.11,banana
61.69,64.77,43.55,35.14,64.74,5.06,256.11,coffee
123.19,82.28,65.5,17.13,21.44,7.0,74.16,wheat
70.77,37.33,31.35,32.63,63.42,8.55,54.7,rice
71.09,109.09,81.59,34.05,61.84,5.28,197.57,chickpea
19.37,79.48,45.73,18.93,74.82,8.88,245.29,mungbean
137.58,118.26,133.8,31.02,21.16,7.22,289.84,apple
35.0,114.3,203.9,33.97,72.68,6.04,21.9,grapes
10.27,35.1,7.4,26.33,89.94,7.24,135.83,grapes
92.84,105.19,113.18,21.79,78.08,5.91,225.52,papaya
83.35,117.01,119.73,31.67,70.14,8.53,252.0,chickpea
58.12,53.46,187.84,44.22,62.97,6.39,37.44,coconut
59.11,29.17,106.2,24.94,43.74,8.91,210.57,muskmelon
109.91,5.37,113.74,23.71,68.44,6.56,100.9,papaya
27.4,68.13,99.33,26.25,67.93,7.46,40.89,papaya
114.84,54.34,58.78,12.67,60.52,9.49,156.95,mango
90.82,82.69,16.21,29.36,73.7,4.38,64.28,mothbeans
58.66,31.33,86.73,21.5,45.9,7.92,226.36,grapes
64.12,125.35,15.52,14.25,19.7,4.33,227.55,lentil
35.93,41.09,115.1,26.32,54.73,8.53,255.78,grapes
105.3,36.7,66.46,10.12,31.2,7.08,125.72,coconut
71.8,72.3,111.72,24.06,40.75,9.13,23.73,pomegranate
44.92,74.84,31.86,13.7,11.39,8.7,92.73,pomegranate
83.45,35.11,191.53,10.85,40.62,3.95,150.99,watermelon
139.4,43.06,183.9,38.86,74.7,4.32,214.32,mungbean
60.94,28.76,43.0,42.07,53.42,7.11,126.97,jute
128.9,105.58,73.69,17.27,10.78,6.61,170.09,apple
48.3,112.81,127.7,28.88,47.59,4.51,166.79,coffee
7.66,69.73,24.14,19.73,33.32,4.28,66.2,coffee
28.59,104.97,75.91,27.28,48.2,6.88,194.45,cotton
58.62,108.03,55.22,25.28,42.38,3.79,142.99,pigeonpeas
30.75,24.36,188.1,19.42,84.56,8.74,246.22,grapes
0.03,140.26,175.5,34.51,13.29,8.34,213.37,blackgram
128.1,119.94,120.97,14.43,64.69,8.21,51.21,maize
118.14,33.63,109.07,11.86,78.08,3.6,156.85,banana
103.92,31.06,191.15,36.87,86.74,3.79,216.7,chickpea
23.49,22.59,191.49,33.31,24.21,6.8,44.36,watermelon
16.85,24.37,198.87,27.45,52.5,9.47,241.9,mango
9.46,109.74,30.08,26.37,13.49,5.55,82.16,orange
101.36,70.75,37.11,27.41,49.93,5.57,160.86,grapes
130.03,114.61,140.35,25.3,20.04,4.31,283.36,mango
60.28,109.48,113.29,23.75,77.03,7.55,179.97,blackgram
16.68,89.65,8.69,27.49,19.11,7.38,138.74,kidneybeans
71.73,101.09,17.4,28.5,51.06,4.11,21.9,papaya
48.84,7.57,182.62,34.22,51.69,6.3,57.36,mungbean
52.48,48.65,178.77,34.89,87.73,7.5,182.03,mango
86.99,94.3,76.45,23.22,62.4,6.46,158.27,blackgram
100.62,6.31,183.21,24.47,33.03,7.55,121.87,apple
15.48,9.62,123.74,23.08,29.26,8.4,278.5,kidneybeans
4.98,124.26,166.18,28.78,20.26,7.61,113.1,blackgram
139.21,100.76,90.49,25.87,70.52,7.2,170.4,pomegranate
32.58,42.15,27.68,41.14,65.26,8.62,179.24,wheat
7.54,101.31,91.75,34.37,58.79,8.9,167.69,mango
26.58,115.94,96.46,41.45,13.27,5.83,153.72,rice
5.45,47.95,115.19,34.82,71.03,4.54,114.38,mungbean
54.85,10.05,26.12,43.98,61.35,8.41,274.45,watermelon
112.34,135.59,203.28,32.25,87.11,4.78,146.22,jute
47.77,53.33,53.83,43.72,56.98,9.07,167.97,wheat
62.19,19.91,44.71,15.54,34.32,3.64,203.81,maize
94.58,73.86,110.36,11.84,40.52,9.03,38.94,cotton
71.25,112.59,112.44,30.27,24.07,7.04,238.76,apple
120.6,36.03,92.96,44.42,67.83,8.15,163.5,orange
121.24,42.73,159.38,24.62,66.62,5.89,204.01,apple
1.39,38.98,108.33,17.42,26.05,9.45,236.16,grapes
108.93,143.83,126.94,28.25,22.68,4.87,264.75,pomegranate
64.5,32.64,149.75,32.71,16.16,5.09,129.82,coffee
138.44,85.57,10.01,21.03,82.96,3.81,247.2,coffee
67.65,134.54,119.13,35.02,28.65,9.14,92.47,grapes
138.17,25.57,181.84,44.13,37.53,6.24,204.89,kidneybeans
105.64,140.92,8.48,41.39,32.44,7.55,48.76,pigeonpeas
34.8,137.65,86.04,20.21,43.09,7.62,25.61,papaya
75.38,128.84,190.25,21.44,67.12,8.75,46.81,pomegranate
138.9,35.04,75.63,23.0,79.65,7.49,109.43,wheat
120.05,93.77,96.75,23.81,24.61,6.87,28.71,lentil
13.63,111.52,201.31,13.51,64.91,7.76,196.54,mango
98.89,143.04,44.86,36.67,38.2,8.01,108.63,wheat
48.38,30.26,18.05,22.79,88.44,4.62,226.19,grapes
0.98,112.24,176.88,40.79,33.91,4.16,32.86,apple
56.49,52.43,178.69,42.44,10.58,3.95,80.68,blackgram
32.87,29.59,99.42,10.86,51.25,5.74,134.24,mungbean
114.64,63.99,107.84,44.6,22.06,6.49,127.14,mungbean
47.23,116.14,172.16,34.85,13.56,7.19,56.68,mothbeans
115.85,70.08,152.71,28.21,65.86,9.25,298.36,muskmelon
0.08,80.25,58.03,23.63,68.58,5.48,99.64,papaya
43.09,144.32,8.38,28.15,46.86,8.07,221.89,apple
33.76,60.88,100.94,21.36,64.15,6.69,81.61,rice
32.7,91.16,176.78,31.79,53.06,4.82,265.8,mango
9.55,56.13,184.17,13.25,60.38,7.19,128.57,muskmelon
26.2,59.99,196.25,31.74,57.74,9.3,272.25,pigeonpeas
77.78,102.39,180.91,19.64,63.27,4.25,115.71,watermelon
40.79,136.3,121.01,10.62,25.97,6.54,22.42,banana
58.44,80.93,93.92,29.34,31.5,3.81,164.77,mungbean
52.76,112.58,159.97,30.25,45.2,5.43,166.94,rice
122.63,17.49,152.96,24.93,45.69,7.22,53.55,pomegranate
126.74,34.56,112.63,12.53,71.95,8.55,85.79,watermelon
69.01,75.3,22.47,41.27,39.39,7.88,239.38,rice
46.22,7.8,190.22,31.4,23.0,6.28,30.29,muskmelon
14.95,40.4,96.12,14.05,30.12,8.96,157.07,mothbeans
133.48,77.44,77.67,27.88,27.18,5.32,168.51,rice
8.43,7.09,130.91,27.4,68.53,8.02,212.84,wheat
41.67,42.04,139.77,12.11,47.63,6.34,30.49,mungbean
41.73,76.96,47.14,31.24,66.69,8.89,183.98,pomegranate
44.86,85.24,172.39,38.29,43.3,8.28,20.87,mango
23.0,134.61,62.99,36.22,81.18,8.91,94.25,kidneybeans
109.64,95.35,42.34,17.1,88.68,4.79,159.91,orange
17.15,63.06,86.28,40.18,63.59,7.51,275.16,papaya
88.89,135.25,151.11,21.99,79.11,7.93,55.45,cotton
17.34,114.88,198.09,43.13,50.63,7.95,67.4,maize
9.87,33.0,166.86,12.51,84.77,6.52,207.39,rice
127.32,23.32,193.07,27.02,76.53,3.57,124.96,jute
26.62,99.61,33.12,30.9,89.34,5.07,194.56,kidneybeans
114.98,83.38,19.24,18.67,59.85,5.44,299.29,papaya
76.25,115.55,116.54,37.0,72.34,8.61,296.32,blackgram
10.9,108.43,63.06,31.94,53.43,8.55,119.04,mothbeans
133.76,92.53,170.61,10.63,30.73,4.13,161.1,banana
34.57,143.09,139.4,31.29,38.38,9.2,273.31,grapes
120.35,79.7,199.15,27.2,81.52,4.59,45.81,muskmelon
23.63,20.83,55.96,16.86,14.48,5.99,146.65,mango
119.55,120.96,102.16,44.85,57.32,4.79,125.72,orange
1.85,40.26,105.25,41.4,39.8,8.66,102.57,lentil
71.65,113.82,52.84,20.24,40.94,8.0,298.38,cotton
107.72,138.99,123.02,28.94,80.77,5.62,225.39,cotton
130.87,102.55,93.66,21.08,78.31,7.59,128.85,pigeonpeas
127.29,88.44,94.34,37.14,57.91,4.61,252.13,jute
114.75,69.45,77.55,42.56,31.83,5.79,157.11,maize
124.35,56.02,8.39,22.56,48.04,5.76,264.39,chickpea
27.89,54.42,109.42,38.2,42.66,4.93,94.59,rice
39.79,94.09,72.05,27.44,38.29,8.76,82.61,pomegranate
40.46,110.18,5.26,23.88,18.22,7.57,89.24,apple
52.79,99.99,66.59,42.84,53.45,5.18,170.77,kidneybeans
55.06,32.78,60.73,27.86,34.15,4.95,101.57,banana
76.24,74.16,83.69,26.36,62.86,3.61,61.19,coconut
22.38,115.83,31.37,33.54,35.54,5.58,298.5,coffee
96.77,71.6,106.54,19.14,44.49,6.66,272.12,mothbeans
23.46,80.13,143.49,21.37,14.19,5.17,197.8,chickpea
43.44,112.96,131.04,42.62,89.4,7.7,269.63,muskmelon
70.47,97.58,165.75,33.75,50.61,5.97,281.93,watermelon
111.5,62.31,95.4,38.93,11.94,5.4,209.31,grapes
103.53,130.36,108.82,19.49,53.3,9.13,165.23,wheat
90.37,27.76,167.08,29.03,79.63,5.08,266.96,lentil
21.81,144.37,90.54,44.0,71.8,5.89,178.98,coconut
76.59,21.64,145.32,21.15,66.07,5.79,55.5,wheat
12.24,7.09,91.92,15.62,21.16,4.95,122.72,kidneybeans
52.83,129.6,88.55,27.88,62.62,4.8,144.86,mango
57.89,39.29,157.04,23.57,71.3,5.31,281.9,coffee
5.57,107.16,39.97,15.59,55.79,8.69,204.57,lentil
38.36,118.54,72.72,41.1,81.42,8.1,265.08,jute
133.79,125.26,49.83,44.68,32.16,7.59,232.13,mango
133.51,143.82,76.82,29.9,29.37,6.24,106.76,grapes
49.33,46.17,51.07,37.11,79.57,6.55,221.24,orange
6.03,104.43,120.88,40.07,60.03,5.1,74.68,coconut
25.07,21.16,164.63,34.53,10.12,3.95,134.28,coffee
54.91,61.95,162.32,11.55,38.25,5.49,245.71,mungbean
132.69,123.72,77.9,15.52,78.63,6.47,191.34,kidneybeans
19.77,56.47,202.75,12.48,12.19,3.84,251.12,cotton
106.89,87.75,123.77,10.35,10.26,4.03,91.32,coconut
15.22,75.53,84.88,20.71,32.5,5.08,229.93,banana
137.38,95.43,172.11,23.73,83.12,5.7,76.65,muskmelon
53.43,141.21,150.97,18.44,82.12,5.86,172.69,coconut
108.53,12.8,154.86,12.26,51.5,4.21,141.39,papaya
47.96,85.35,44.23,28.55,54.26,4.85,175.81,mothbeans
87.87,125.82,98.66,19.57,36.56,5.07,57.95,chickpea
26.88,72.39,177.37,37.86,29.5,3.91,121.14,papaya
20.44,15.99,105.81,10.28,75.22,5.46,206.73,lentil
131.33,83.48,141.69,39.49,18.5,3.93,176.39,mungbean
128.47,51.49,122.59,43.42,48.99,7.72,173.71,muskmelon
124.25,26.69,173.47,35.06,60.75,5.82,163.03,chickpea
87.56,123.86,61.91,35.68,18.29,5.46,284.29,lentil
113.16,78.02,120.1,42.67,51.57,4.26,281.68,papaya
9.67,135.66,29.65,17.32,56.2,4.86,120.84,muskmelon
46.87,117.84,143.04,44.81,69.4,4.9,118.53,banana
43.92,102.02,151.39,37.07,28.79,9.41,175.37,coconut
88.99,5.7,13.57,35.43,33.47,8.51,46.77,wheat
49.83,64.9,140.16,22.64,55.56,3.59,104.84,pomegranate
20.79,32.65,87.94,29.1,88.65,7.2,84.64,coconut
83.51,132.51,29.82,32.89,27.4,5.04,82.55,coffee
114.01,29.44,88.98,31.71,88.87,4.13,198.78,mango
53.5,45.05,43.85,34.67,67.15,7.73,127.62,maize
18.52,77.36,88.11,12.88,76.09,4.29,67.93,apple
27.54,41.87,81.87,22.45,17.17,6.16,268.52,lentil
33.25,34.38,152.68,25.19,34.03,7.29,264.76,mungbean
41.99,88.87,159.84,19.12,14.62,6.83,261.49,pigeonpeas
89.99,17.45,126.41,16.04,39.72,9.37,129.41,grapes
84.13,13.14,9.54,14.86,88.5,8.21,35.96,papaya
97.45,57.11,191.2,22.82,18.42,8.15,49.89,jute
50.75,105.89,142.25,27.27,54.99,5.63,97.29,rice
115.36,82.67,11.84,12.2,10.49,3.55,81.59,pomegranate
28.57,64.2,168.77,43.13,67.01,7.91,264.72,grapes
65.67,84.21,45.05,36.78,25.78,9.5,296.18,mango
112.13,56.16,120.84,35.58,20.37,5.94,248.67,banana
25.22,136.06,98.33,16.05,36.96,9.41,224.36,jute
15.38,12.69,88.97,31.13,71.68,4.35,184.81,pigeonpeas
123.72,99.27,182.94,28.54,18.53,5.28,235.57,chickpea
48.01,129.78,92.47,44.39,28.39,4.52,285.17,blackgram
95.74,117.54,20.07,36.17,10.68,6.35,188.38,mothbeans
3.55,30.77,194.33,30.15,87.47,8.28,63.29,mothbeans
96.61,46.43,189.11,39.78,57.37,5.54,65.88,mango
44.25,105.39,141.89,15.43,67.59,8.94,183.48,wheat
7.8,16.8,98.58,10.53,62.11,6.77,113.37,wheat
85.37,118.66,23.57,34.16,21.55,6.29,274.87,watermelon
33.71,105.65,163.15,13.44,57.6,8.22,191.26,muskmelon
54.15,107.14,20.1,14.04,20.51,4.11,209.42,wheat
11.28,19.03,18.72,36.06,42.1,8.14,21.63,coconut
20.6,105.49,112.48,19.47,55.52,4.96,159.68,kidneybeans
41.72,100.17,37.03,32.0,54.71,5.18,140.73,wheat
12.57,121.33,6.55,42.11,19.53,7.1,217.64,coconut
127.52,10.82,89.62,21.08,12.75,8.91,127.14,mothbeans
0.85,8.24,32.44,17.6,73.86,6.97,293.44,kidneybeans
67.74,57.22,37.1,13.73,68.07,7.39,207.66,pomegranate
17.25,25.83,20.38,14.57,16.55,8.16,204.78,mungbean
43.08,83.17,46.02,12.18,20.19,5.06,277.42,apple
129.65,133.43,148.1,13.07,81.41,8.46,298.66,grapes
22.64,59.81,166.79,25.12,71.53,6.01,75.39,kidneybeans
135.22,123.29,95.51,21.23,89.69,4.55,246.95,chickpea
28.81,5.03,106.31,34.73,30.32,5.6,65.45,maize
103.82,28.59,11.53,40.46,49.02,4.98,147.97,mothbeans
76.53,9.26,18.86,37.47,28.92,4.87,48.05,pomegranate
123.83,50.94,56.51,28.57,59.82,5.2,194.54,rice
77.56,132.15,113.78,13.59,19.23,4.59,151.19,jute
74.84,18.57,152.91,34.84,20.18,7.51,196.04,orange
27.36,89.9,126.0,22.7,15.75,6.98,209.83,jute
23.27,68.21,83.43,13.0,65.49,7.39,193.44,rice
128.31,136.39,28.66,39.49,49.53,5.56,102.33,muskmelon
45.9,22.15,161.15,21.84,59.42,8.12,254.35,mango
52.09,34.68,77.76,17.64,80.34,4.28,174.47,pigeonpeas
106.38,9.14,152.21,40.5,69.23,6.93,157.16,pigeonpeas
47.44,65.75,107.6,41.57,46.94,5.15,296.38,cotton
133.29,43.9,152.73,21.86,88.75,6.67,99.38,coffee
103.31,126.79,186.46,22.42,46.5,5.44,167.85,grapes
83.64,89.69,189.21,30.29,19.0,8.24,211.05,kidneybeans
123.33,90.97,112.02,35.67,89.41,8.85,55.06,mungbean
6.94,79.47,107.3,12.21,11.83,7.96,119.19,orange
35.99,17.86,58.14,30.77,53.99,4.55,244.47,pigeonpeas
65.11,67.3,192.16,43.35,34.73,5.15,86.29,kidneybeans
31.78,144.93,96.58,19.17,50.28,9.02,158.12,lentil
104.15,121.93,30.52,41.81,54.7,6.12,196.58,orange
128.69,130.08,91.54,43.26,29.21,9.15,207.93,mango
59.33,120.25,30.41,19.42,54.55,5.85,223.93,coffee
47.9,19.43,105.51,36.4,70.48,9.21,262.47,coconut
134.62,36.84,117.26,18.36,31.32,9.05,130.0,pigeonpeas
62.28,5.44,72.55,35.82,40.67,7.46,217.86,cotton
68.47,47.49,19.33,37.91,31.46,3.55,225.01,chickpea
49.23,20.21,193.7,18.65,75.64,5.9,104.08,mango
127.34,71.19,159.67,35.06,68.0,8.97,291.08,orange
79.65,99.8,172.78,38.42,79.7,8.81,262.26,mango
106.7,127.43,78.37,22.55,23.6,4.62,101.16,mango
113.65,109.89,157.17,15.87,15.89,5.9,209.02,mothbeans
47.86,136.4,102.07,13.22,19.55,8.51,220.98,kidneybeans
60.72,12.55,45.22,30.14,22.88,6.97,140.82,maize
118.79,6.71,29.88,44.23,52.65,8.58,261.85,pigeonpeas
50.86,97.59,74.01,38.8,87.67,8.46,213.26,mungbean
111.15,45.51,32.51,25.25,38.58,8.94,204.28,banana
131.74,40.49,204.65,28.78,86.68,4.2,81.84,wheat
87.25,51.32,14.84,19.78,13.06,4.37,134.2,pomegranate
103.83,42.77,93.23,15.71,84.15,4.0,141.5,coconut
112.71,76.6,95.42,26.87,24.49,9.11,225.43,maize
118.31,66.62,65.13,26.22,83.0,6.35,193.15,coffee
55.31,76.74,119.27,28.27,14.5,3.89,44.04,lentil
7.18,99.18,35.0,43.35,85.86,5.43,106.16,mungbean
56.26,59.2,161.78,31.14,26.06,5.61,152.45,mungbean
94.33,40.18,71.49,31.2,34.22,8.36,226.29,grapes
63.05,28.27,123.27,14.48,49.28,7.91,228.2,chickpea
104.85,53.93,148.13,44.88,40.46,7.64,157.35,watermelon
49.98,108.85,182.81,37.05,63.4,3.63,52.74,lentil
88.86,110.94,172.16,40.7,87.98,8.96,102.01,orange
26.1,98.37,126.66,24.5,58.51,4.79,91.31,jute
104.91,37.76,82.68,27.57,67.72,7.27,238.69,watermelon
76.4,87.33,105.64,28.27,17.04,3.87,70.4,papaya
28.57,84.9,158.75,16.79,60.22,3.99,150.18,maize
40.87,72.8,180.51,34.13,46.31,3.56,207.8,wheat
104.81,82.0,25.76,41.6,80.86,6.9,290.14,mango
67.56,73.85,81.97,15.73,41.06,7.28,299.79,mango
30.24,84.16,160.22,13.02,64.36,3.8,286.82,blackgram
135.42,105.17,91.33,35.84,28.25,5.24,221.11,maize
100.12,20.35,71.45,19.56,30.75,8.61,229.0,wheat
134.0,109.95,87.26,31.84,40.09,4.11,232.58,grapes
59.79,24.02,125.57,34.35,34.33,4.8,261.53,muskmelon
66.51,14.33,204.96,21.27,30.31,6.05,286.5,grapes
125.71,141.65,103.6,38.53,13.97,8.55,144.8,chickpea
73.51,138.98,46.7,29.25,76.94,5.03,136.62,wheat
99.02,13.46,37.57,40.41,15.14,9.48,148.93,muskmelon
35.3,67.06,13.47,36.72,80.99,5.63,204.75,mungbean
62.54,31.07,116.76,40.4,20.04,5.82,237.12,rice
17.28,72.95,113.91,10.71,15.22,4.23,263.75,orange
28.84,121.22,46.05,18.52,55.04,7.58,147.74,jute
0.13,138.09,144.07,13.15,50.2,4.96,121.74,blackgram
5.5,93.8,153.22,25.47,49.3,7.27,295.34,banana
136.82,54.55,56.82,41.15,55.96,4.84,84.93,kidneybeans
33.93,89.47,73.82,26.36,32.96,5.83,82.16,cotton
92.86,48.68,203.09,39.74,63.04,8.64,220.31,maize
117.47,132.38,79.85,21.45,50.19,7.93,70.3,mungbean
77.09,126.86,157.16,21.88,36.78,4.43,131.83,jute
21.44,83.15,95.55,41.34,76.12,7.15,101.87,muskmelon
101.94,50.47,163.67,24.9,68.22,7.27,67.24,orange
84.04,46.07,158.8,37.64,41.49,4.04,182.32,banana
102.38,9.68,138.55,18.28,77.81,6.29,124.58,banana
107.76,119.21,175.96,43.21,83.62,5.06,149.43,cotton
136.56,68.05,192.84,30.11,52.95,6.3,74.84,chickpea
80.3,50.52,121.0,36.58,27.2,8.16,235.0,lentil
47.83,70.96,52.49,13.13,83.26,4.45,108.12,blackgram
90.79,119.62,84.73,27.24,25.16,4.24,115.96,chickpea
9.58,22.45,156.66,41.54,13.87,5.12,90.6,rice
125.64,125.07,135.18,40.7,36.2,9.21,141.63,kidneybeans
16.71,130.65,40.56,11.64,68.16,7.99,149.8,maize
45.9,137.54,15.25,20.63,83.86,3.62,168.31,pomegranate
114.2,60.65,141.59,25.52,60.98,5.91,290.92,mango
83.62,35.4,55.22,16.03,86.15,5.04,273.31,jute
